-- sd_usuario
INSERT INTO sd_usuario (nombres, primer_apellido, segundo_apellido, dni, fecha_nacimiento, email, peso, activo, fecha_registro, usuario_registro) VALUES ('JORGE SANDRO','TARAZONA','MUNAYCO','65885596','1980-10-01','jorge.tarazona@gmail.com',78.2,1,sysdate(),'admin');
INSERT INTO sd_usuario (nombres, primer_apellido, segundo_apellido, dni, fecha_nacimiento, email, peso, activo, fecha_registro, usuario_registro) VALUES ('JUAN CARLOS','BAUTISTA','ENRIQUEZ','37543264','1982-08-30','juan.bautista@gmail.com',64.9,1,sysdate(),'admin');
INSERT INTO sd_usuario (nombres, primer_apellido, segundo_apellido, dni, fecha_nacimiento, email, peso, activo, fecha_registro, usuario_registro) VALUES ('ABEL ROBERTO','DIAZ','FERNANDEZ','10863789','1979-07-15','abel.diaz@gmail.com',75.2,1,sysdate(),'admin');
INSERT INTO sd_usuario (nombres, primer_apellido, segundo_apellido, dni, fecha_nacimiento, email, peso, activo, fecha_registro, usuario_registro) VALUES ('EMANUEL ','VILLAFUERTE','TARAZONA','95034644','1981-08-04','emanuel.villafuerte@gmail.com',73.6,1,sysdate(),'admin');
INSERT INTO sd_usuario (nombres, primer_apellido, segundo_apellido, dni, fecha_nacimiento, email, peso, activo, fecha_registro, usuario_registro) VALUES ('CLAUDIO JORGE','AGUIRRE','HERRERA','98453247','1978-01-05','claudio.aguirre@gmail.com',69.8,1,sysdate(),'admin');
INSERT INTO sd_usuario (nombres, primer_apellido, segundo_apellido, dni, fecha_nacimiento, email, peso, activo, fecha_registro, usuario_registro) VALUES ('PEDRO MARIO','ALVAREZ','GONZALEZ','62938581','1985-03-29','pedro.gonzalez@gmail.com',75.4,1,sysdate(),'admin');
INSERT INTO sd_usuario (nombres, primer_apellido, segundo_apellido, dni, fecha_nacimiento, email, peso, activo, fecha_registro, usuario_registro) VALUES ('CESAR FERNANDO','PEREZ','TORRES','23952658','1984-05-12','cesar.torres@gmail.com',76.5,1,sysdate(),'admin');
INSERT INTO sd_usuario (nombres, primer_apellido, segundo_apellido, dni, fecha_nacimiento, email, peso, activo, fecha_registro, usuario_registro) VALUES ('VICTOR SERGIO','ROMERO','ACOSTA','29788220','1975-04-17','victor.acosta@gmail.com',78.9,1,sysdate(),'admin');
INSERT INTO sd_usuario (nombres, primer_apellido, segundo_apellido, dni, fecha_nacimiento, email, peso, activo, fecha_registro, usuario_registro) VALUES ('EUGENIO','LLANTOY','CARRANZA','69870536','1980-10-02','eugenio.llantoy@gmail.com',77.2607142857143,1,sysdate(),'admin');
INSERT INTO sd_usuario (nombres, primer_apellido, segundo_apellido, dni, fecha_nacimiento, email, peso, activo, fecha_registro, usuario_registro) VALUES ('JUAN CARLOS','MARTINEZ','RODRIGUEZ','79185215','1982-08-31','juan.martinez@gmail.com',78.2,1,sysdate(),'admin');
INSERT INTO sd_usuario (nombres, primer_apellido, segundo_apellido, dni, fecha_nacimiento, email, peso, activo, fecha_registro, usuario_registro) VALUES ('LUIS MIGUEL','LOPEZ','PEREZ','98231115','1979-07-16','luis.lopez@gmail.com',78.6821428571429,1,sysdate(),'admin');
INSERT INTO sd_usuario (nombres, primer_apellido, segundo_apellido, dni, fecha_nacimiento, email, peso, activo, fecha_registro, usuario_registro) VALUES ('DAVID','SANCHEZ','GARCIA','79363463','1981-08-05','david.sanchez@gmail.com',79.3928571428571,1,sysdate(),'admin');
INSERT INTO sd_usuario (nombres, primer_apellido, segundo_apellido, dni, fecha_nacimiento, email, peso, activo, fecha_registro, usuario_registro) VALUES ('CARLOS ALBERTO','GOMEZ','CASTRO','30287595','1978-01-06','carlos.gomez@gmail.com',80.1035714285714,1,sysdate(),'admin');
INSERT INTO sd_usuario (nombres, primer_apellido, segundo_apellido, dni, fecha_nacimiento, email, peso, activo, fecha_registro, usuario_registro) VALUES ('DANIEL ANTONIO','MORENO','ARIAS','65928311','1985-03-30','daniel.moreno@gmail.com',80.8142857142857,1,sysdate(),'admin');
INSERT INTO sd_usuario (nombres, primer_apellido, segundo_apellido, dni, fecha_nacimiento, email, peso, activo, fecha_registro, usuario_registro) VALUES ('MARIO ALBERTO','TORRES','HERNANDEZ','35031940','1984-05-13','mario.torres@gmail.com',81.525,1,sysdate(),'admin');
INSERT INTO sd_usuario (nombres, primer_apellido, segundo_apellido, dni, fecha_nacimiento, email, peso, activo, fecha_registro, usuario_registro) VALUES ('ALEJANDRO PEDRO','RODRIGUEZ','DE LA TORRE','96906683','1975-04-18','alejandro.rodriguez@gmail.com',82.2357142857143,1,sysdate(),'admin');
INSERT INTO sd_usuario (nombres, primer_apellido, segundo_apellido, dni, fecha_nacimiento, email, peso, activo, fecha_registro, usuario_registro) VALUES ('SERGIO ANDRES','RUIZ','SANCHEZ','75866966','1980-10-03','sergio.ruiz@gmail.com',82.9464285714286,1,sysdate(),'admin');
INSERT INTO sd_usuario (nombres, primer_apellido, segundo_apellido, dni, fecha_nacimiento, email, peso, activo, fecha_registro, usuario_registro) VALUES ('GABRIEL ANGEL','GARCIA','GALARZA','48301565','1982-08-18','gabriel.garcia@gmail.com',83.6571428571429,1,sysdate(),'admin');
INSERT INTO sd_usuario (nombres, primer_apellido, segundo_apellido, dni, fecha_nacimiento, email, peso, activo, fecha_registro, usuario_registro) VALUES ('EDUARDO VALENTIN','LOPEZ','MARQUEZ','67744362','1979-07-17','eduardo.lopez@gmail.com',84.3678571428571,1,sysdate(),'admin');
INSERT INTO sd_usuario (nombres, primer_apellido, segundo_apellido, dni, fecha_nacimiento, email, peso, activo, fecha_registro, usuario_registro) VALUES ('FEDERICO RICARDO','CRUZ','ESPINOZA','47614810','1981-08-06','federico.cruz@gmail.com',85.0785714285714,1,sysdate(),'admin');
INSERT INTO sd_usuario (nombres, primer_apellido, segundo_apellido, dni, fecha_nacimiento, email, peso, activo, fecha_registro, usuario_registro) VALUES ('IVAN PABLO','DELGADO','CHACON','33101591','1978-01-07','ivan.delgado@gmail.com',85.7892857142857,1,sysdate(),'admin');
INSERT INTO sd_usuario (nombres, primer_apellido, segundo_apellido, dni, fecha_nacimiento, email, peso, activo, fecha_registro, usuario_registro) VALUES ('RODRIGO FRANCISCO','SOTO','REYES','65965500','1985-03-31','rodrigo.soto@gmail.com',86.5,1,sysdate(),'admin');
INSERT INTO sd_usuario (nombres, primer_apellido, segundo_apellido, dni, fecha_nacimiento, email, peso, activo, fecha_registro, usuario_registro) VALUES ('JORGE SANDRO','FERNANDEZ','AGUIRRE','90351426','1980-10-01','jorge.fernandez@gmail.com',78.2,1,sysdate(),'admin');
INSERT INTO sd_usuario (nombres, primer_apellido, segundo_apellido, dni, fecha_nacimiento, email, peso, activo, fecha_registro, usuario_registro) VALUES ('JUAN CARLOS','TARAZONA','ALVAREZ','64328185','1982-08-30','juan.tarazona@gmail.com',64.9,1,sysdate(),'admin');
INSERT INTO sd_usuario (nombres, primer_apellido, segundo_apellido, dni, fecha_nacimiento, email, peso, activo, fecha_registro, usuario_registro) VALUES ('ABEL ROBERTO','HERRERA','PEREZ','17665181','1979-07-15','abel.herrera@gmail.com',75.2,1,sysdate(),'admin');
INSERT INTO sd_usuario (nombres, primer_apellido, segundo_apellido, dni, fecha_nacimiento, email, peso, activo, fecha_registro, usuario_registro) VALUES ('EMANUEL ','GONZALEZ','ROMERO','90876562','1981-08-04','emanuel.gonzalez@gmail.com',73.6,1,sysdate(),'admin');
INSERT INTO sd_usuario (nombres, primer_apellido, segundo_apellido, dni, fecha_nacimiento, email, peso, activo, fecha_registro, usuario_registro) VALUES ('CLAUDIO JORGE','TORRES','LLANTOY','33534878','1978-01-05','claudio.torres@gmail.com',69.8,1,sysdate(),'admin');
INSERT INTO sd_usuario (nombres, primer_apellido, segundo_apellido, dni, fecha_nacimiento, email, peso, activo, fecha_registro, usuario_registro) VALUES ('PEDRO MARIO','ACOSTA','MARTINEZ','61838014','1985-03-29','pedro.acosta@gmail.com',75.4,1,sysdate(),'admin');
INSERT INTO sd_usuario (nombres, primer_apellido, segundo_apellido, dni, fecha_nacimiento, email, peso, activo, fecha_registro, usuario_registro) VALUES ('CESAR FERNANDO','CARRANZA','LOPEZ','95809031','1984-05-12','cesar.carranza@gmail.com',76.5,1,sysdate(),'admin');
INSERT INTO sd_usuario (nombres, primer_apellido, segundo_apellido, dni, fecha_nacimiento, email, peso, activo, fecha_registro, usuario_registro) VALUES ('VICTOR SERGIO','RODRIGUEZ','SANCHEZ','23693753','1975-04-17','victor.rodriguez@gmail.com',78.9,1,sysdate(),'admin');
INSERT INTO sd_usuario (nombres, primer_apellido, segundo_apellido, dni, fecha_nacimiento, email, peso, activo, fecha_registro, usuario_registro) VALUES ('EUGENIO','CASAS','TORRES','63645168','1980-10-02','eugenio.casas@gmail.com',77.2607142857143,1,sysdate(),'admin');
INSERT INTO sd_usuario (nombres, primer_apellido, segundo_apellido, dni, fecha_nacimiento, email, peso, activo, fecha_registro, usuario_registro) VALUES ('JUAN CARLOS','GARCIA','RODRIGUEZ','48828702','1982-08-31','juan.garcia@gmail.com',78.2,1,sysdate(),'admin');
INSERT INTO sd_usuario (nombres, primer_apellido, segundo_apellido, dni, fecha_nacimiento, email, peso, activo, fecha_registro, usuario_registro) VALUES ('LUIS MIGUEL','CASTRO','RUIZ','64538368','1979-07-16','luis.castro@gmail.com',78.6821428571429,1,sysdate(),'admin');
INSERT INTO sd_usuario (nombres, primer_apellido, segundo_apellido, dni, fecha_nacimiento, email, peso, activo, fecha_registro, usuario_registro) VALUES ('DAVID','ARIAS','GARCIA','49186118','1981-08-05','david.arias@gmail.com',79.3928571428571,1,sysdate(),'admin');
INSERT INTO sd_usuario (nombres, primer_apellido, segundo_apellido, dni, fecha_nacimiento, email, peso, activo, fecha_registro, usuario_registro) VALUES ('CARLOS ALBERTO','HERNANDEZ','DIAZ','83157153','1978-01-06','carlos.hernandez@gmail.com',80.1035714285714,1,sysdate(),'admin');
INSERT INTO sd_usuario (nombres, primer_apellido, segundo_apellido, dni, fecha_nacimiento, email, peso, activo, fecha_registro, usuario_registro) VALUES ('DANIEL ANTONIO','DE LA TORRE','VILLAFUERTE','35861576','1985-03-30','daniel.de la torre@gmail.com',80.8142857142857,1,sysdate(),'admin');
INSERT INTO sd_usuario (nombres, primer_apellido, segundo_apellido, dni, fecha_nacimiento, email, peso, activo, fecha_registro, usuario_registro) VALUES ('MARIO ALBERTO','CASTRO','AGUIRRE','97863935','1984-05-13','mario.castro@gmail.com',81.525,1,sysdate(),'admin');
INSERT INTO sd_usuario (nombres, primer_apellido, segundo_apellido, dni, fecha_nacimiento, email, peso, activo, fecha_registro, usuario_registro) VALUES ('ALEJANDRO PEDRO','TORRES','ALVAREZ','63544143','1975-04-18','alejandro.torres@gmail.com',82.2357142857143,1,sysdate(),'admin');
INSERT INTO sd_usuario (nombres, primer_apellido, segundo_apellido, dni, fecha_nacimiento, email, peso, activo, fecha_registro, usuario_registro) VALUES ('SERGIO ANDRES','ACOSTA','PEREZ','22150398','1980-10-03','sergio.acosta@gmail.com',82.9464285714286,1,sysdate(),'admin');
INSERT INTO sd_usuario (nombres, primer_apellido, segundo_apellido, dni, fecha_nacimiento, email, peso, activo, fecha_registro, usuario_registro) VALUES ('GABRIEL ANGEL','CARRANZA','ROMERO','14989858','1982-08-18','gabriel.carranza@gmail.com',83.6571428571429,1,sysdate(),'admin');
INSERT INTO sd_usuario (nombres, primer_apellido, segundo_apellido, dni, fecha_nacimiento, email, peso, activo, fecha_registro, usuario_registro) VALUES ('EDUARDO VALENTIN','RODRIGUEZ','LLANTOY','31464888','1979-07-17','eduardo.rodriguez@gmail.com',84.3678571428571,1,sysdate(),'admin');
INSERT INTO sd_usuario (nombres, primer_apellido, segundo_apellido, dni, fecha_nacimiento, email, peso, activo, fecha_registro, usuario_registro) VALUES ('FEDERICO RICARDO','REYES','MARTINEZ','24743173','1981-08-06','federico.reyes@gmail.com',85.0785714285714,1,sysdate(),'admin');
INSERT INTO sd_usuario (nombres, primer_apellido, segundo_apellido, dni, fecha_nacimiento, email, peso, activo, fecha_registro, usuario_registro) VALUES ('IVAN PABLO','CASTRO','LOPEZ','75034861','1978-01-07','ivan.castro@gmail.com',85.7892857142857,1,sysdate(),'admin');
INSERT INTO sd_usuario (nombres, primer_apellido, segundo_apellido, dni, fecha_nacimiento, email, peso, activo, fecha_registro, usuario_registro) VALUES ('RODRIGO FRANCISCO','ARIAS','SANCHEZ','63278957','1985-03-31','rodrigo.arias@gmail.com',86.5,1,sysdate(),'admin');
INSERT INTO sd_usuario (nombres, primer_apellido, segundo_apellido, dni, fecha_nacimiento, email, peso, activo, fecha_registro, usuario_registro) VALUES ('VICTOR SERGIO','HERNANDEZ','GOMEZ','96439133','1979-07-16','victor.hernandez@gmail.com',75.4,1,sysdate(),'admin');
INSERT INTO sd_usuario (nombres, primer_apellido, segundo_apellido, dni, fecha_nacimiento, email, peso, activo, fecha_registro, usuario_registro) VALUES ('EMANUEL ','DE LA TORRE','MORENO','74427975','1981-08-05','emanuel.de la torre@gmail.com',76.5,1,sysdate(),'admin');
INSERT INTO sd_usuario (nombres, primer_apellido, segundo_apellido, dni, fecha_nacimiento, email, peso, activo, fecha_registro, usuario_registro) VALUES ('LUIS MIGUEL','SANCHEZ','TORRES','68246884','1978-01-06','luis.sanchez@gmail.com',78.9,1,sysdate(),'admin');
INSERT INTO sd_usuario (nombres, primer_apellido, segundo_apellido, dni, fecha_nacimiento, email, peso, activo, fecha_registro, usuario_registro) VALUES ('DAVID','GALARZA','RODRIGUEZ','69697979','1985-03-30','david.galarza@gmail.com',77.2607142857143,1,sysdate(),'admin');
INSERT INTO sd_usuario (nombres, primer_apellido, segundo_apellido, dni, fecha_nacimiento, email, peso, activo, fecha_registro, usuario_registro) VALUES ('CARLOS ALBERTO','MARQUEZ','RUIZ','63547628','1984-05-13','carlos.marquez@gmail.com',78.2,1,sysdate(),'admin');
INSERT INTO sd_usuario (nombres, primer_apellido, segundo_apellido, dni, fecha_nacimiento, email, peso, activo, fecha_registro, usuario_registro) VALUES ('DANIEL ANTONIO','ESPINOZA','GARCIA','33736450','1975-04-18','daniel.espinoza@gmail.com',78.6821428571429,1,sysdate(),'admin');
INSERT INTO sd_usuario (nombres, primer_apellido, segundo_apellido, dni, fecha_nacimiento, email, peso, activo, fecha_registro, usuario_registro) VALUES ('MARIO ALBERTO','MARQUEZ','SOTO','68666230','1984-05-13','mario.marquez@gmail.com',80.8142857142857,1,sysdate(),'admin');
INSERT INTO sd_usuario (nombres, primer_apellido, segundo_apellido, dni, fecha_nacimiento, email, peso, activo, fecha_registro, usuario_registro) VALUES ('CLAUDIO JORGE','ESPINOZA','FERNANDEZ','10091303','1975-04-18','claudio.espinoza@gmail.com',81.525,1,sysdate(),'admin');
INSERT INTO sd_usuario (nombres, primer_apellido, segundo_apellido, dni, fecha_nacimiento, email, peso, activo, fecha_registro, usuario_registro) VALUES ('PEDRO MARIO','CHACON','TARAZONA','92677241','1980-10-03','pedro.chacon@gmail.com',82.2357142857143,1,sysdate(),'admin');
INSERT INTO sd_usuario (nombres, primer_apellido, segundo_apellido, dni, fecha_nacimiento, email, peso, activo, fecha_registro, usuario_registro) VALUES ('CESAR FERNANDO','REYES','HERRERA','58179090','1982-08-18','cesar.reyes@gmail.com',82.9464285714286,1,sysdate(),'admin');
INSERT INTO sd_usuario (nombres, primer_apellido, segundo_apellido, dni, fecha_nacimiento, email, peso, activo, fecha_registro, usuario_registro) VALUES ('VICTOR SERGIO','AGUIRRE','LOPEZ','26058605','1979-07-17','victor.aguirre@gmail.com',83.6571428571429,1,sysdate(),'admin');
INSERT INTO sd_usuario (nombres, primer_apellido, segundo_apellido, dni, fecha_nacimiento, email, peso, activo, fecha_registro, usuario_registro) VALUES ('EUGENIO','ALVAREZ','TORRES','17270065','1981-08-06','eugenio.alvarez@gmail.com',84.3678571428571,1,sysdate(),'admin');
INSERT INTO sd_usuario (nombres, primer_apellido, segundo_apellido, dni, fecha_nacimiento, email, peso, activo, fecha_registro, usuario_registro) VALUES ('JUAN CARLOS','PEREZ','ACOSTA','28732786','1981-08-06','juan.perez@gmail.com',85.0785714285714,1,sysdate(),'admin');
INSERT INTO sd_usuario (nombres, primer_apellido, segundo_apellido, dni, fecha_nacimiento, email, peso, activo, fecha_registro, usuario_registro) VALUES ('LUIS MIGUEL','MARTINEZ','CARRANZA','90548558','1978-01-07','luis.martinez@gmail.com',85.7892857142857,1,sysdate(),'admin');
INSERT INTO sd_usuario (nombres, primer_apellido, segundo_apellido, dni, fecha_nacimiento, email, peso, activo, fecha_registro, usuario_registro) VALUES ('SERGIO ANDRES','LOPEZ','RODRIGUEZ','73335002','1985-03-31','sergio.lopez@gmail.com',86.5,1,sysdate(),'admin');
INSERT INTO sd_usuario (nombres, primer_apellido, segundo_apellido, dni, fecha_nacimiento, email, peso, activo, fecha_registro, usuario_registro) VALUES ('GABRIEL ANGEL','SANCHEZ','PEREZ','12748542','1980-10-01','gabriel.sanchez@gmail.com',85.7892857142857,1,sysdate(),'admin');
INSERT INTO sd_usuario (nombres, primer_apellido, segundo_apellido, dni, fecha_nacimiento, email, peso, activo, fecha_registro, usuario_registro) VALUES ('VICTOR SERGIO','TORRES','CRUZ','15588220','1980-10-02','victor.cruz@gmail.com',73.6,1,sysdate(),'admin');
INSERT INTO sd_usuario (nombres, primer_apellido, segundo_apellido, dni, fecha_nacimiento, email, peso, activo, fecha_registro, usuario_registro) VALUES ('EUGENIO','RODRIGUEZ','DELGADO','80719195','1982-08-31','eugenio.rodriguez@gmail.com',69.8,1,sysdate(),'admin');
INSERT INTO sd_usuario (nombres, primer_apellido, segundo_apellido, dni, fecha_nacimiento, email, peso, activo, fecha_registro, usuario_registro) VALUES ('JUAN CARLOS','RUIZ','SOTO','36358050','1979-07-16','juan.ruiz@gmail.com',75.4,1,sysdate(),'admin');
INSERT INTO sd_usuario (nombres, primer_apellido, segundo_apellido, dni, fecha_nacimiento, email, peso, activo, fecha_registro, usuario_registro) VALUES ('LUIS MIGUEL','GARCIA','FERNANDEZ','44479502','1981-08-05','luis.garcia@gmail.com',76.5,1,sysdate(),'admin');
INSERT INTO sd_usuario (nombres, primer_apellido, segundo_apellido, dni, fecha_nacimiento, email, peso, activo, fecha_registro, usuario_registro) VALUES ('DAVID','LOPEZ','TARAZONA','64332126','1978-01-06','david.lopez@gmail.com',78.9,1,sysdate(),'admin');
INSERT INTO sd_usuario (nombres, primer_apellido, segundo_apellido, dni, fecha_nacimiento, email, peso, activo, fecha_registro, usuario_registro) VALUES ('CARLOS ALBERTO','CRUZ','HERRERA','55642194','1985-03-30','carlos.cruz@gmail.com',77.2607142857143,1,sysdate(),'admin');
INSERT INTO sd_usuario (nombres, primer_apellido, segundo_apellido, dni, fecha_nacimiento, email, peso, activo, fecha_registro, usuario_registro) VALUES ('DANIEL ANTONIO','DELGADO','GONZALEZ','47435267','1984-05-13','daniel.delgado@gmail.com',78.2,1,sysdate(),'admin');
INSERT INTO sd_usuario (nombres, primer_apellido, segundo_apellido, dni, fecha_nacimiento, email, peso, activo, fecha_registro, usuario_registro) VALUES ('MARIO ALBERTO','SOTO','TORRES','60036375','1975-04-18','mario.soto@gmail.com',78.6821428571429,1,sysdate(),'admin');
INSERT INTO sd_usuario (nombres, primer_apellido, segundo_apellido, dni, fecha_nacimiento, email, peso, activo, fecha_registro, usuario_registro) VALUES ('ALEJANDRO PEDRO','ESPINOZA','RODRIGUEZ','79931375','1980-10-03','alejandro.espinoza@gmail.com',79.3928571428571,1,sysdate(),'admin');
INSERT INTO sd_usuario (nombres, primer_apellido, segundo_apellido, dni, fecha_nacimiento, email, peso, activo, fecha_registro, usuario_registro) VALUES ('SERGIO ANDRES','CHACON','RUIZ','56373260','1982-08-18','sergio.chacon@gmail.com',80.1035714285714,1,sysdate(),'admin');
INSERT INTO sd_usuario (nombres, primer_apellido, segundo_apellido, dni, fecha_nacimiento, email, peso, activo, fecha_registro, usuario_registro) VALUES ('GABRIEL ANGEL','REYES','GARCIA','98967430','1979-07-17','gabriel.reyes@gmail.com',80.8142857142857,1,sysdate(),'admin');
INSERT INTO sd_usuario (nombres, primer_apellido, segundo_apellido, dni, fecha_nacimiento, email, peso, activo, fecha_registro, usuario_registro) VALUES ('CESAR FERNANDO','AGUIRRE','ACOSTA','25508086','1981-08-06','cesar.aguirre@gmail.com',81.525,1,sysdate(),'admin');
INSERT INTO sd_usuario (nombres, primer_apellido, segundo_apellido, dni, fecha_nacimiento, email, peso, activo, fecha_registro, usuario_registro) VALUES ('VICTOR SERGIO','ALVAREZ','CARRANZA','15204350','1978-01-07','victor.alvarez@gmail.com',82.2357142857143,1,sysdate(),'admin');
INSERT INTO sd_usuario (nombres, primer_apellido, segundo_apellido, dni, fecha_nacimiento, email, peso, activo, fecha_registro, usuario_registro) VALUES ('EUGENIO','PEREZ','RODRIGUEZ','39383710','1985-03-31','eugenio.perez@gmail.com',82.9464285714286,1,sysdate(),'admin');
INSERT INTO sd_usuario (nombres, primer_apellido, segundo_apellido, dni, fecha_nacimiento, email, peso, activo, fecha_registro, usuario_registro) VALUES ('JUAN CARLOS','ROMERO','PEREZ','75984206','1980-10-01','juan.romero@gmail.com',83.6571428571429,1,sysdate(),'admin');
INSERT INTO sd_usuario (nombres, primer_apellido, segundo_apellido, dni, fecha_nacimiento, email, peso, activo, fecha_registro, usuario_registro) VALUES ('LUIS MIGUEL','LLANTOY','MARTINEZ','54414623','1982-08-18','luis.llantoy@gmail.com',84.3678571428571,1,sysdate(),'admin');
INSERT INTO sd_usuario (nombres, primer_apellido, segundo_apellido, dni, fecha_nacimiento, email, peso, activo, fecha_registro, usuario_registro) VALUES ('DAVID','MARTINEZ','LOPEZ','14524295','1979-07-17','david.martinez@gmail.com',85.0785714285714,1,sysdate(),'admin');
INSERT INTO sd_usuario (nombres, primer_apellido, segundo_apellido, dni, fecha_nacimiento, email, peso, activo, fecha_registro, usuario_registro) VALUES ('CARLOS ALBERTO','LOPEZ','HERRERA','23588916','1981-08-06','carlos.lopez@gmail.com',76.5,1,sysdate(),'admin');
INSERT INTO sd_usuario (nombres, primer_apellido, segundo_apellido, dni, fecha_nacimiento, email, peso, activo, fecha_registro, usuario_registro) VALUES ('DANIEL ANTONIO','SANCHEZ','GONZALEZ','12927895','1978-01-07','daniel.sanchez@gmail.com',78.9,1,sysdate(),'admin');
INSERT INTO sd_usuario (nombres, primer_apellido, segundo_apellido, dni, fecha_nacimiento, email, peso, activo, fecha_registro, usuario_registro) VALUES ('MARIO ALBERTO','PEREZ','TORRES','97525231','1985-03-31','mario.perez@gmail.com',77.2607142857143,1,sysdate(),'admin');

-- sd_conductor
INSERT INTO sd_conductor(id_usuario, fecha_venc_licencia, clave_digital, activo, fecha_registro, usuario_registro) VALUES (1,'2024-10-04','8421',1,sysdate(),'admin');
INSERT INTO sd_conductor(id_usuario, fecha_venc_licencia, clave_digital, activo, fecha_registro, usuario_registro) VALUES (2,'2025-03-06','1269',1,sysdate(),'admin');
INSERT INTO sd_conductor(id_usuario, fecha_venc_licencia, clave_digital, activo, fecha_registro, usuario_registro) VALUES (3,'2024-08-14','4589',1,sysdate(),'admin');
INSERT INTO sd_conductor(id_usuario, fecha_venc_licencia, clave_digital, activo, fecha_registro, usuario_registro) VALUES (4,'2025-03-06','3586',1,sysdate(),'admin');
INSERT INTO sd_conductor(id_usuario, fecha_venc_licencia, clave_digital, activo, fecha_registro, usuario_registro) VALUES (9,'2025-01-14','3458',1,sysdate(),'admin');
INSERT INTO sd_conductor(id_usuario, fecha_venc_licencia, clave_digital, activo, fecha_registro, usuario_registro) VALUES (10,'2025-03-06','8547',1,sysdate(),'admin');
INSERT INTO sd_conductor(id_usuario, fecha_venc_licencia, clave_digital, activo, fecha_registro, usuario_registro) VALUES (11,'2025-03-06','3138',1,sysdate(),'admin');
INSERT INTO sd_conductor(id_usuario, fecha_venc_licencia, clave_digital, activo, fecha_registro, usuario_registro) VALUES (12,'2025-01-14','9521',1,sysdate(),'admin');
INSERT INTO sd_conductor(id_usuario, fecha_venc_licencia, clave_digital, activo, fecha_registro, usuario_registro) VALUES (17,'2025-03-06','2415',1,sysdate(),'admin');
INSERT INTO sd_conductor(id_usuario, fecha_venc_licencia, clave_digital, activo, fecha_registro, usuario_registro) VALUES (18,'2025-04-14','2205',1,sysdate(),'admin');
INSERT INTO sd_conductor(id_usuario, fecha_venc_licencia, clave_digital, activo, fecha_registro, usuario_registro) VALUES (19,'2025-03-06','6982',1,sysdate(),'admin');
INSERT INTO sd_conductor(id_usuario, fecha_venc_licencia, clave_digital, activo, fecha_registro, usuario_registro) VALUES (20,'2024-07-30','2492',1,sysdate(),'admin');
INSERT INTO sd_conductor(id_usuario, fecha_venc_licencia, clave_digital, activo, fecha_registro, usuario_registro) VALUES (23,'2025-04-21','4708',1,sysdate(),'admin');
INSERT INTO sd_conductor(id_usuario, fecha_venc_licencia, clave_digital, activo, fecha_registro, usuario_registro) VALUES (24,'2024-07-18','4939',1,sysdate(),'admin');
INSERT INTO sd_conductor(id_usuario, fecha_venc_licencia, clave_digital, activo, fecha_registro, usuario_registro) VALUES (25,'2024-09-18','1973',1,sysdate(),'admin');
INSERT INTO sd_conductor(id_usuario, fecha_venc_licencia, clave_digital, activo, fecha_registro, usuario_registro) VALUES (26,'2024-12-04','5237',1,sysdate(),'admin');
INSERT INTO sd_conductor(id_usuario, fecha_venc_licencia, clave_digital, activo, fecha_registro, usuario_registro) VALUES (27,'2025-01-26','2469',1,sysdate(),'admin');
INSERT INTO sd_conductor(id_usuario, fecha_venc_licencia, clave_digital, activo, fecha_registro, usuario_registro) VALUES (28,'2024-08-31','1306',1,sysdate(),'admin');
INSERT INTO sd_conductor(id_usuario, fecha_venc_licencia, clave_digital, activo, fecha_registro, usuario_registro) VALUES (29,'2024-07-30','5028',1,sysdate(),'admin');
INSERT INTO sd_conductor(id_usuario, fecha_venc_licencia, clave_digital, activo, fecha_registro, usuario_registro) VALUES (30,'2025-04-21','1531',1,sysdate(),'admin');
INSERT INTO sd_conductor(id_usuario, fecha_venc_licencia, clave_digital, activo, fecha_registro, usuario_registro) VALUES (31,'2024-07-18','4579',1,sysdate(),'admin');
INSERT INTO sd_conductor(id_usuario, fecha_venc_licencia, clave_digital, activo, fecha_registro, usuario_registro) VALUES (32,'2024-09-18','3967',1,sysdate(),'admin');
INSERT INTO sd_conductor(id_usuario, fecha_venc_licencia, clave_digital, activo, fecha_registro, usuario_registro) VALUES (33,'2024-12-04','9708',1,sysdate(),'admin');
INSERT INTO sd_conductor(id_usuario, fecha_venc_licencia, clave_digital, activo, fecha_registro, usuario_registro) VALUES (34,'2025-01-26','9203',1,sysdate(),'admin');
INSERT INTO sd_conductor(id_usuario, fecha_venc_licencia, clave_digital, activo, fecha_registro, usuario_registro) VALUES (35,'2024-08-31','8752',1,sysdate(),'admin');
INSERT INTO sd_conductor(id_usuario, fecha_venc_licencia, clave_digital, activo, fecha_registro, usuario_registro) VALUES (36,'2024-07-30','1116',1,sysdate(),'admin');
INSERT INTO sd_conductor(id_usuario, fecha_venc_licencia, clave_digital, activo, fecha_registro, usuario_registro) VALUES (37,'2025-04-21','2681',1,sysdate(),'admin');
INSERT INTO sd_conductor(id_usuario, fecha_venc_licencia, clave_digital, activo, fecha_registro, usuario_registro) VALUES (38,'2024-07-18','2999',1,sysdate(),'admin');
INSERT INTO sd_conductor(id_usuario, fecha_venc_licencia, clave_digital, activo, fecha_registro, usuario_registro) VALUES (39,'2024-09-18','5493',1,sysdate(),'admin');
INSERT INTO sd_conductor(id_usuario, fecha_venc_licencia, clave_digital, activo, fecha_registro, usuario_registro) VALUES (40,'2024-12-04','1940',1,sysdate(),'admin');
INSERT INTO sd_conductor(id_usuario, fecha_venc_licencia, clave_digital, activo, fecha_registro, usuario_registro) VALUES (41,'2025-01-26','4554',1,sysdate(),'admin');
INSERT INTO sd_conductor(id_usuario, fecha_venc_licencia, clave_digital, activo, fecha_registro, usuario_registro) VALUES (42,'2024-08-31','2418',1,sysdate(),'admin');
INSERT INTO sd_conductor(id_usuario, fecha_venc_licencia, clave_digital, activo, fecha_registro, usuario_registro) VALUES (43,'2024-07-30','1046',1,sysdate(),'admin');
INSERT INTO sd_conductor(id_usuario, fecha_venc_licencia, clave_digital, activo, fecha_registro, usuario_registro) VALUES (44,'2025-04-21','5319',1,sysdate(),'admin');
INSERT INTO sd_conductor(id_usuario, fecha_venc_licencia, clave_digital, activo, fecha_registro, usuario_registro) VALUES (45,'2024-07-18','6549',1,sysdate(),'admin');
INSERT INTO sd_conductor(id_usuario, fecha_venc_licencia, clave_digital, activo, fecha_registro, usuario_registro) VALUES (46,'2024-09-18','1485',1,sysdate(),'admin');
INSERT INTO sd_conductor(id_usuario, fecha_venc_licencia, clave_digital, activo, fecha_registro, usuario_registro) VALUES (47,'2024-12-04','1649',1,sysdate(),'admin');
INSERT INTO sd_conductor(id_usuario, fecha_venc_licencia, clave_digital, activo, fecha_registro, usuario_registro) VALUES (48,'2025-01-26','6207',1,sysdate(),'admin');
INSERT INTO sd_conductor(id_usuario, fecha_venc_licencia, clave_digital, activo, fecha_registro, usuario_registro) VALUES (49,'2024-08-31','9349',1,sysdate(),'admin');
INSERT INTO sd_conductor(id_usuario, fecha_venc_licencia, clave_digital, activo, fecha_registro, usuario_registro) VALUES (50,'2024-07-30','8350',1,sysdate(),'admin');
INSERT INTO sd_conductor(id_usuario, fecha_venc_licencia, clave_digital, activo, fecha_registro, usuario_registro) VALUES (51,'2025-04-21','3332',1,sysdate(),'admin');
INSERT INTO sd_conductor(id_usuario, fecha_venc_licencia, clave_digital, activo, fecha_registro, usuario_registro) VALUES (52,'2024-07-18','8389',1,sysdate(),'admin');
INSERT INTO sd_conductor(id_usuario, fecha_venc_licencia, clave_digital, activo, fecha_registro, usuario_registro) VALUES (53,'2024-09-18','9384',1,sysdate(),'admin');
INSERT INTO sd_conductor(id_usuario, fecha_venc_licencia, clave_digital, activo, fecha_registro, usuario_registro) VALUES (54,'2024-12-04','2140',1,sysdate(),'admin');
INSERT INTO sd_conductor(id_usuario, fecha_venc_licencia, clave_digital, activo, fecha_registro, usuario_registro) VALUES (55,'2025-01-26','2767',1,sysdate(),'admin');
INSERT INTO sd_conductor(id_usuario, fecha_venc_licencia, clave_digital, activo, fecha_registro, usuario_registro) VALUES (56,'2024-08-31','3322',1,sysdate(),'admin');
INSERT INTO sd_conductor(id_usuario, fecha_venc_licencia, clave_digital, activo, fecha_registro, usuario_registro) VALUES (57,'2024-07-30','9785',1,sysdate(),'admin');
INSERT INTO sd_conductor(id_usuario, fecha_venc_licencia, clave_digital, activo, fecha_registro, usuario_registro) VALUES (58,'2025-04-21','8748',1,sysdate(),'admin');
INSERT INTO sd_conductor(id_usuario, fecha_venc_licencia, clave_digital, activo, fecha_registro, usuario_registro) VALUES (59,'2024-07-18','2903',1,sysdate(),'admin');
INSERT INTO sd_conductor(id_usuario, fecha_venc_licencia, clave_digital, activo, fecha_registro, usuario_registro) VALUES (60,'2024-09-18','7542',1,sysdate(),'admin');
INSERT INTO sd_conductor(id_usuario, fecha_venc_licencia, clave_digital, activo, fecha_registro, usuario_registro) VALUES (61,'2024-12-04','2161',1,sysdate(),'admin');
INSERT INTO sd_conductor(id_usuario, fecha_venc_licencia, clave_digital, activo, fecha_registro, usuario_registro) VALUES (62,'2025-01-26','2316',1,sysdate(),'admin');
INSERT INTO sd_conductor(id_usuario, fecha_venc_licencia, clave_digital, activo, fecha_registro, usuario_registro) VALUES (63,'2024-08-31','8507',1,sysdate(),'admin');
INSERT INTO sd_conductor(id_usuario, fecha_venc_licencia, clave_digital, activo, fecha_registro, usuario_registro) VALUES (64,'2024-07-30','7398',1,sysdate(),'admin');
INSERT INTO sd_conductor(id_usuario, fecha_venc_licencia, clave_digital, activo, fecha_registro, usuario_registro) VALUES (65,'2025-04-21','1137',1,sysdate(),'admin');
INSERT INTO sd_conductor(id_usuario, fecha_venc_licencia, clave_digital, activo, fecha_registro, usuario_registro) VALUES (66,'2024-07-18','7453',1,sysdate(),'admin');
INSERT INTO sd_conductor(id_usuario, fecha_venc_licencia, clave_digital, activo, fecha_registro, usuario_registro) VALUES (67,'2024-09-18','7780',1,sysdate(),'admin');
INSERT INTO sd_conductor(id_usuario, fecha_venc_licencia, clave_digital, activo, fecha_registro, usuario_registro) VALUES (68,'2024-12-04','4478',1,sysdate(),'admin');
INSERT INTO sd_conductor(id_usuario, fecha_venc_licencia, clave_digital, activo, fecha_registro, usuario_registro) VALUES (69,'2025-01-26','4866',1,sysdate(),'admin');
INSERT INTO sd_conductor(id_usuario, fecha_venc_licencia, clave_digital, activo, fecha_registro, usuario_registro) VALUES (70,'2024-08-31','2232',1,sysdate(),'admin');
INSERT INTO sd_conductor(id_usuario, fecha_venc_licencia, clave_digital, activo, fecha_registro, usuario_registro) VALUES (71,'2024-07-18','3586',1,sysdate(),'admin');
INSERT INTO sd_conductor(id_usuario, fecha_venc_licencia, clave_digital, activo, fecha_registro, usuario_registro) VALUES (72,'2025-01-14','3458',1,sysdate(),'admin');
INSERT INTO sd_conductor(id_usuario, fecha_venc_licencia, clave_digital, activo, fecha_registro, usuario_registro) VALUES (73,'2025-08-14','8547',1,sysdate(),'admin');
INSERT INTO sd_conductor(id_usuario, fecha_venc_licencia, clave_digital, activo, fecha_registro, usuario_registro) VALUES (74,'2024-11-23','3138',1,sysdate(),'admin');
INSERT INTO sd_conductor(id_usuario, fecha_venc_licencia, clave_digital, activo, fecha_registro, usuario_registro) VALUES (75,'2025-01-14','9521',1,sysdate(),'admin');
INSERT INTO sd_conductor(id_usuario, fecha_venc_licencia, clave_digital, activo, fecha_registro, usuario_registro) VALUES (76,'2024-02-25','2415',1,sysdate(),'admin');
INSERT INTO sd_conductor(id_usuario, fecha_venc_licencia, clave_digital, activo, fecha_registro, usuario_registro) VALUES (77,'2024-04-14','2205',1,sysdate(),'admin');
INSERT INTO sd_conductor(id_usuario, fecha_venc_licencia, clave_digital, activo, fecha_registro, usuario_registro) VALUES (78,'2024-10-21','6982',1,sysdate(),'admin');
INSERT INTO sd_conductor(id_usuario, fecha_venc_licencia, clave_digital, activo, fecha_registro, usuario_registro) VALUES (79,'2024-07-27','4186',1,sysdate(),'admin');
INSERT INTO sd_conductor(id_usuario, fecha_venc_licencia, clave_digital, activo, fecha_registro, usuario_registro) VALUES (80,'2024-03-30','1894',1,sysdate(),'admin');

-- sd_revisor
INSERT INTO sd_revisor(id_usuario, contrasena, activo, fecha_registro, usuario_registro) VALUES (5,'claudio345',1,sysdate(),'admin');
INSERT INTO sd_revisor(id_usuario, contrasena, activo, fecha_registro, usuario_registro) VALUES (6,'pedro482',1,sysdate(),'admin');
INSERT INTO sd_revisor(id_usuario, contrasena, activo, fecha_registro, usuario_registro) VALUES (7,'cesar346',1,sysdate(),'admin');
INSERT INTO sd_revisor(id_usuario, contrasena, activo, fecha_registro, usuario_registro) VALUES (8,'victor458',1,sysdate(),'admin');
INSERT INTO sd_revisor(id_usuario, contrasena, activo, fecha_registro, usuario_registro) VALUES (13,'carlos165',1,sysdate(),'admin');
INSERT INTO sd_revisor(id_usuario, contrasena, activo, fecha_registro, usuario_registro) VALUES (14,'daniel489',1,sysdate(),'admin');
INSERT INTO sd_revisor(id_usuario, contrasena, activo, fecha_registro, usuario_registro) VALUES (15,'mario496',1,sysdate(),'admin');
INSERT INTO sd_revisor(id_usuario, contrasena, activo, fecha_registro, usuario_registro) VALUES (16,'alejandro114',1,sysdate(),'admin');
INSERT INTO sd_revisor(id_usuario, contrasena, activo, fecha_registro, usuario_registro) VALUES (21,'ivan389',1,sysdate(),'admin');
INSERT INTO sd_revisor(id_usuario, contrasena, activo, fecha_registro, usuario_registro) VALUES (22,'rodrigo439',1,sysdate(),'admin');

-- sd_producto
INSERT INTO sd_producto(nombre, activo, fecha_registro, usuario_registro) VALUES ('Cemento',1,sysdate(),'admin');
INSERT INTO sd_producto(nombre, activo, fecha_registro, usuario_registro) VALUES ('Ladrillo',1,sysdate(),'admin');
INSERT INTO sd_producto(nombre, activo, fecha_registro, usuario_registro) VALUES ('Pallets',1,sysdate(),'admin');

-- sd_marca
INSERT INTO sd_marca(nombre, activo, fecha_registro, usuario_registro) VALUES ('LORETO',1,sysdate(),'admin');
INSERT INTO sd_marca(nombre, activo, fecha_registro, usuario_registro) VALUES ('OROYA',1,sysdate(),'admin');
INSERT INTO sd_marca(nombre, activo, fecha_registro, usuario_registro) VALUES ('JULIACA',1,sysdate(),'admin');
INSERT INTO sd_marca(nombre, activo, fecha_registro, usuario_registro) VALUES ('BASA',1,sysdate(),'admin');
INSERT INTO sd_marca(nombre, activo, fecha_registro, usuario_registro) VALUES ('LARK',1,sysdate(),'admin');
INSERT INTO sd_marca(nombre, activo, fecha_registro, usuario_registro) VALUES ('CHEP',1,sysdate(),'admin');

-- sd_unidad
INSERT INTO sd_unidad(nombre, activo, fecha_registro, usuario_registro) VALUES ('bolsas de 42.5 kg',1,sysdate(),'admin');
INSERT INTO sd_unidad(nombre, activo, fecha_registro, usuario_registro) VALUES ('bolsas de 52.5 kg',1,sysdate(),'admin');
INSERT INTO sd_unidad(nombre, activo, fecha_registro, usuario_registro) VALUES ('ladrillos',1,sysdate(),'admin');
INSERT INTO sd_unidad(nombre, activo, fecha_registro, usuario_registro) VALUES ('pallets',1,sysdate(),'admin');

-- sd_producto_venta
INSERT INTO sd_producto_venta (id_producto, id_marca, id_unidad, peso_unidad, stock_actual, activo, fecha_registro, usuario_registro) VALUES (1,1,1,42.5, 10000,1,sysdate(),'admin');
INSERT INTO sd_producto_venta (id_producto, id_marca, id_unidad, peso_unidad, stock_actual, activo, fecha_registro, usuario_registro) VALUES (1,2,2,52.5, 15000,1,sysdate(),'admin');
INSERT INTO sd_producto_venta (id_producto, id_marca, id_unidad, peso_unidad, stock_actual, activo, fecha_registro, usuario_registro) VALUES (2,3,3,5, 12000,1,sysdate(),'admin');
INSERT INTO sd_producto_venta (id_producto, id_marca, id_unidad, peso_unidad, stock_actual, activo, fecha_registro, usuario_registro) VALUES (2,5,3,3.5, 18000,1,sysdate(),'admin');
INSERT INTO sd_producto_venta (id_producto, id_marca, id_unidad, peso_unidad, stock_actual, activo, fecha_registro, usuario_registro) VALUES (3,4,4,8, 8000,1,sysdate(),'admin');
INSERT INTO sd_producto_venta (id_producto, id_marca, id_unidad, peso_unidad, stock_actual, activo, fecha_registro, usuario_registro) VALUES (3,6,4,9, 13500,1,sysdate(),'admin');

-- sd_tipo_vehiculo
INSERT INTO sd_tipo_vehiculo (id_tipo_vehiculo, nombre) VALUES (1,'tracto');
INSERT INTO sd_tipo_vehiculo (id_tipo_vehiculo, nombre) VALUES (2,'carreta');

-- sd_vehiculo
INSERT INTO sd_vehiculo(id_tipo_vehiculo, placa, largo, ancho, altura, peso, fecha_venc_circulacion, tiene_tarjeta_propiedad, fecha_venc_soat, activo, fecha_registro, usuario_registro) values (1,'A1A-489',6,2.4,3.7,8000,'2025-08-14',1,'2025-06-15',1,sysdate(),'admin');
INSERT INTO sd_vehiculo(id_tipo_vehiculo, placa, largo, ancho, altura, peso, fecha_venc_circulacion, tiene_tarjeta_propiedad, fecha_venc_soat, activo, fecha_registro, usuario_registro) values (2,'O3B-678',12,2.4,2,5500,'2025-07-05',1,null,1,sysdate(),'admin');
INSERT INTO sd_vehiculo(id_tipo_vehiculo, placa, largo, ancho, altura, peso, fecha_venc_circulacion, tiene_tarjeta_propiedad, fecha_venc_soat, activo, fecha_registro, usuario_registro) values (1,'A1A-104',6.2,2.5,3.8,7500,'2025-03-08',1,'2024-08-14',1,sysdate(),'admin');
INSERT INTO sd_vehiculo(id_tipo_vehiculo, placa, largo, ancho, altura, peso, fecha_venc_circulacion, tiene_tarjeta_propiedad, fecha_venc_soat, activo, fecha_registro, usuario_registro) values (2,'O3B-148',13.5,2.5,2.2,6700,'2025-06-08',1,null,1,sysdate(),'admin');
INSERT INTO sd_vehiculo(id_tipo_vehiculo, placa, largo, ancho, altura, peso, fecha_venc_circulacion, tiene_tarjeta_propiedad, fecha_venc_soat, activo, fecha_registro, usuario_registro) values (1,'A1A-782',6.5,2.6,4.0,7200,'2024-10-12',1,'2025-02-27',1,sysdate(),'admin');
INSERT INTO sd_vehiculo(id_tipo_vehiculo, placa, largo, ancho, altura, peso, fecha_venc_circulacion, tiene_tarjeta_propiedad, fecha_venc_soat, activo, fecha_registro, usuario_registro) values (2,'O3B-258',12.5,2.6,2.4,8300,'2025-03-06',1,null,1,sysdate(),'admin');
INSERT INTO sd_vehiculo(id_tipo_vehiculo, placa, largo, ancho, altura, peso, fecha_venc_circulacion, tiene_tarjeta_propiedad, fecha_venc_soat, activo, fecha_registro, usuario_registro) values (1,'A1A-624',18,2.4,3.8,8000,'2024-10-09',1,'2025-06-16',1,sysdate(),'admin');
INSERT INTO sd_vehiculo(id_tipo_vehiculo, placa, largo, ancho, altura, peso, fecha_venc_circulacion, tiene_tarjeta_propiedad, fecha_venc_soat, activo, fecha_registro, usuario_registro) values (2,'O3B-458',24,2.4,2,5500,'2025-08-15',1,null,1,sysdate(),'admin');
INSERT INTO sd_vehiculo(id_tipo_vehiculo, placa, largo, ancho, altura, peso, fecha_venc_circulacion, tiene_tarjeta_propiedad, fecha_venc_soat, activo, fecha_registro, usuario_registro) values (1,'A1A-157',6.3,2.5,3.9,7500,'2025-02-28',1,'2024-08-15',1,sysdate(),'admin');
INSERT INTO sd_vehiculo(id_tipo_vehiculo, placa, largo, ancho, altura, peso, fecha_venc_circulacion, tiene_tarjeta_propiedad, fecha_venc_soat, activo, fecha_registro, usuario_registro) values (2,'O3B-186',13.6,2.5,2.2,6700,'2025-02-27',1,null,1,sysdate(),'admin');
INSERT INTO sd_vehiculo(id_tipo_vehiculo, placa, largo, ancho, altura, peso, fecha_venc_circulacion, tiene_tarjeta_propiedad, fecha_venc_soat, activo, fecha_registro, usuario_registro) values (1,'A1A-258',6.6,2.6,4.1,7200,'2024-08-15',1,'2025-02-28',1,sysdate(),'admin');
INSERT INTO sd_vehiculo(id_tipo_vehiculo, placa, largo, ancho, altura, peso, fecha_venc_circulacion, tiene_tarjeta_propiedad, fecha_venc_soat, activo, fecha_registro, usuario_registro) values (2,'O3B-628',12.6,2.6,2.4,8300,'2025-03-07',1,null,1,sysdate(),'admin');
INSERT INTO sd_vehiculo(id_tipo_vehiculo, placa, largo, ancho, altura, peso, fecha_venc_circulacion, tiene_tarjeta_propiedad, fecha_venc_soat, activo, fecha_registro, usuario_registro) values (1,'A1A-247',30,2.4,3.9,8000,'2024-10-10',1,'2025-06-17',1,sysdate(),'admin');
INSERT INTO sd_vehiculo(id_tipo_vehiculo, placa, largo, ancho, altura, peso, fecha_venc_circulacion, tiene_tarjeta_propiedad, fecha_venc_soat, activo, fecha_registro, usuario_registro) values (2,'O3B-957',36,2.4,2,5500,'2025-08-16',1,null,1,sysdate(),'admin');
INSERT INTO sd_vehiculo(id_tipo_vehiculo, placa, largo, ancho, altura, peso, fecha_venc_circulacion, tiene_tarjeta_propiedad, fecha_venc_soat, activo, fecha_registro, usuario_registro) values (1,'A1A-365',6.4,2.5,3.10,7500,'2025-12-29',1,'2024-08-16',1,sysdate(),'admin');
INSERT INTO sd_vehiculo(id_tipo_vehiculo, placa, largo, ancho, altura, peso, fecha_venc_circulacion, tiene_tarjeta_propiedad, fecha_venc_soat, activo, fecha_registro, usuario_registro) values (2,'O3B-254',13.7,2.5,2.2,6700,'2025-01-30',1,null,1,sysdate(),'admin');
INSERT INTO sd_vehiculo(id_tipo_vehiculo, placa, largo, ancho, altura, peso, fecha_venc_circulacion, tiene_tarjeta_propiedad, fecha_venc_soat, activo, fecha_registro, usuario_registro) values (1,'A1A-789',6.7,2.6,4.2,7200,'2024-08-16',1,'2025-12-29',1,sysdate(),'admin');
INSERT INTO sd_vehiculo(id_tipo_vehiculo, placa, largo, ancho, altura, peso, fecha_venc_circulacion, tiene_tarjeta_propiedad, fecha_venc_soat, activo, fecha_registro, usuario_registro) values (2,'O3B-167',12.7,2.6,2.4,8300,'2025-03-08',1,null,1,sysdate(),'admin');
INSERT INTO sd_vehiculo(id_tipo_vehiculo, placa, largo, ancho, altura, peso, fecha_venc_circulacion, tiene_tarjeta_propiedad, fecha_venc_soat, activo, fecha_registro, usuario_registro) values (1,'A1A-296',42,2.4,3.10,8000,'2024-10-11',1,'2025-06-18',1,sysdate(),'admin');
INSERT INTO sd_vehiculo(id_tipo_vehiculo, placa, largo, ancho, altura, peso, fecha_venc_circulacion, tiene_tarjeta_propiedad, fecha_venc_soat, activo, fecha_registro, usuario_registro) values (2,'O3B-014',48,2.4,2,5500,'2025-08-17',1,null,1,sysdate(),'admin');
INSERT INTO sd_vehiculo(id_tipo_vehiculo, placa, largo, ancho, altura, peso, fecha_venc_circulacion, tiene_tarjeta_propiedad, fecha_venc_soat, activo, fecha_registro, usuario_registro) values (1,'A1A-387',6.6,2.6,4.1,7200,'2024-08-15',1,'2025-02-28',1,sysdate(),'admin');
INSERT INTO sd_vehiculo(id_tipo_vehiculo, placa, largo, ancho, altura, peso, fecha_venc_circulacion, tiene_tarjeta_propiedad, fecha_venc_soat, activo, fecha_registro, usuario_registro) values (2,'O3B-248',12.6,2.6,2.4,8300,'2025-03-07',1,null,1,sysdate(),'admin');
INSERT INTO sd_vehiculo(id_tipo_vehiculo, placa, largo, ancho, altura, peso, fecha_venc_circulacion, tiene_tarjeta_propiedad, fecha_venc_soat, activo, fecha_registro, usuario_registro) values (1,'A1A-378',30,2.4,3.9,8000,'2024-10-10',1,'2025-06-17',1,sysdate(),'admin');
INSERT INTO sd_vehiculo(id_tipo_vehiculo, placa, largo, ancho, altura, peso, fecha_venc_circulacion, tiene_tarjeta_propiedad, fecha_venc_soat, activo, fecha_registro, usuario_registro) values (2,'O3B-170',36,2.4,2,5500,'2025-08-16',1,null,1,sysdate(),'admin');
INSERT INTO sd_vehiculo(id_tipo_vehiculo, placa, largo, ancho, altura, peso, fecha_venc_circulacion, tiene_tarjeta_propiedad, fecha_venc_soat, activo, fecha_registro, usuario_registro) values (1,'A1A-358',6.4,2.5,3.10,7500,'2025-12-29',1,'2024-08-16',1,sysdate(),'admin');
INSERT INTO sd_vehiculo(id_tipo_vehiculo, placa, largo, ancho, altura, peso, fecha_venc_circulacion, tiene_tarjeta_propiedad, fecha_venc_soat, activo, fecha_registro, usuario_registro) values (2,'O3B-187',13.7,2.5,2.2,6700,'2024-09-30',1,null,1,sysdate(),'admin');
INSERT INTO sd_vehiculo(id_tipo_vehiculo, placa, largo, ancho, altura, peso, fecha_venc_circulacion, tiene_tarjeta_propiedad, fecha_venc_soat, activo, fecha_registro, usuario_registro) values (1,'A1A-342',6.7,2.6,4.2,7200,'2024-08-16',1,'2025-12-29',1,sysdate(),'admin');
INSERT INTO sd_vehiculo(id_tipo_vehiculo, placa, largo, ancho, altura, peso, fecha_venc_circulacion, tiene_tarjeta_propiedad, fecha_venc_soat, activo, fecha_registro, usuario_registro) values (2,'O3B-987',12.7,2.6,2.4,8300,'2025-03-08',1,null,1,sysdate(),'admin');
INSERT INTO sd_vehiculo(id_tipo_vehiculo, placa, largo, ancho, altura, peso, fecha_venc_circulacion, tiene_tarjeta_propiedad, fecha_venc_soat, activo, fecha_registro, usuario_registro) values (1,'A1A-495',42,2.4,3.10,8000,'2024-10-11',1,'2025-06-18',1,sysdate(),'admin');
INSERT INTO sd_vehiculo(id_tipo_vehiculo, placa, largo, ancho, altura, peso, fecha_venc_circulacion, tiene_tarjeta_propiedad, fecha_venc_soat, activo, fecha_registro, usuario_registro) values (2,'O3B-378',48,2.4,2,5500,'2025-08-17',1,null,1,sysdate(),'admin');
INSERT INTO sd_vehiculo(id_tipo_vehiculo, placa, largo, ancho, altura, peso, fecha_venc_circulacion, tiene_tarjeta_propiedad, fecha_venc_soat, activo, fecha_registro, usuario_registro) values (1,'A1A-647',6.6,2.6,4.1,7200,'2024-08-15',1,'2025-02-28',1,sysdate(),'admin');
INSERT INTO sd_vehiculo(id_tipo_vehiculo, placa, largo, ancho, altura, peso, fecha_venc_circulacion, tiene_tarjeta_propiedad, fecha_venc_soat, activo, fecha_registro, usuario_registro) values (2,'O3B-315',12.6,2.6,2.4,8300,'2025-03-07',1,null,1,sysdate(),'admin');
INSERT INTO sd_vehiculo(id_tipo_vehiculo, placa, largo, ancho, altura, peso, fecha_venc_circulacion, tiene_tarjeta_propiedad, fecha_venc_soat, activo, fecha_registro, usuario_registro) values (1,'A1A-478',30,2.4,3.9,8000,'2024-10-10',1,'2025-06-17',1,sysdate(),'admin');
INSERT INTO sd_vehiculo(id_tipo_vehiculo, placa, largo, ancho, altura, peso, fecha_venc_circulacion, tiene_tarjeta_propiedad, fecha_venc_soat, activo, fecha_registro, usuario_registro) values (2,'O3B-657',36,2.4,2,5500,'2025-08-16',1,null,1,sysdate(),'admin');
INSERT INTO sd_vehiculo(id_tipo_vehiculo, placa, largo, ancho, altura, peso, fecha_venc_circulacion, tiene_tarjeta_propiedad, fecha_venc_soat, activo, fecha_registro, usuario_registro) values (1,'A1A-958',6.4,2.5,3.10,7500,'2025-12-29',1,'2024-08-16',1,sysdate(),'admin');
INSERT INTO sd_vehiculo(id_tipo_vehiculo, placa, largo, ancho, altura, peso, fecha_venc_circulacion, tiene_tarjeta_propiedad, fecha_venc_soat, activo, fecha_registro, usuario_registro) values (2,'O3B-124',13.7,2.5,2.2,6700,'2024-06-11',1,null,1,sysdate(),'admin');
INSERT INTO sd_vehiculo(id_tipo_vehiculo, placa, largo, ancho, altura, peso, fecha_venc_circulacion, tiene_tarjeta_propiedad, fecha_venc_soat, activo, fecha_registro, usuario_registro) values (1,'A1A-348',6.7,2.6,4.2,7200,'2024-08-16',1,'2025-12-29',1,sysdate(),'admin');
INSERT INTO sd_vehiculo(id_tipo_vehiculo, placa, largo, ancho, altura, peso, fecha_venc_circulacion, tiene_tarjeta_propiedad, fecha_venc_soat, activo, fecha_registro, usuario_registro) values (2,'O3B-125',12.7,2.6,2.4,8300,'2025-03-08',1,null,1,sysdate(),'admin');
INSERT INTO sd_vehiculo(id_tipo_vehiculo, placa, largo, ancho, altura, peso, fecha_venc_circulacion, tiene_tarjeta_propiedad, fecha_venc_soat, activo, fecha_registro, usuario_registro) values (1,'A1A-975',42,2.4,3.10,8000,'2024-10-11',1,'2025-06-18',1,sysdate(),'admin');
INSERT INTO sd_vehiculo(id_tipo_vehiculo, placa, largo, ancho, altura, peso, fecha_venc_circulacion, tiene_tarjeta_propiedad, fecha_venc_soat, activo, fecha_registro, usuario_registro) values (2,'O3B-647',48,2.4,2,5500,'2025-08-17',1,null,1,sysdate(),'admin');
INSERT INTO sd_vehiculo(id_tipo_vehiculo, placa, largo, ancho, altura, peso, fecha_venc_circulacion, tiene_tarjeta_propiedad, fecha_venc_soat, activo, fecha_registro, usuario_registro) values (1,'A1A-972',6.3,2.5,3.9,7500,'2024-08-15',1,'2025-02-28',1,sysdate(),'admin');
INSERT INTO sd_vehiculo(id_tipo_vehiculo, placa, largo, ancho, altura, peso, fecha_venc_circulacion, tiene_tarjeta_propiedad, fecha_venc_soat, activo, fecha_registro, usuario_registro) values (2,'O3B-123',13.6,2.5,2.2,6700,'2025-03-07',1,null,1,sysdate(),'admin');
INSERT INTO sd_vehiculo(id_tipo_vehiculo, placa, largo, ancho, altura, peso, fecha_venc_circulacion, tiene_tarjeta_propiedad, fecha_venc_soat, activo, fecha_registro, usuario_registro) values (1,'A1A-314',6.6,2.6,4.1,7200,'2024-10-10',1,'2025-06-17',1,sysdate(),'admin');
INSERT INTO sd_vehiculo(id_tipo_vehiculo, placa, largo, ancho, altura, peso, fecha_venc_circulacion, tiene_tarjeta_propiedad, fecha_venc_soat, activo, fecha_registro, usuario_registro) values (2,'O3B-175',12.6,2.6,2.4,8300,'2025-08-16',1,null,1,sysdate(),'admin');
INSERT INTO sd_vehiculo(id_tipo_vehiculo, placa, largo, ancho, altura, peso, fecha_venc_circulacion, tiene_tarjeta_propiedad, fecha_venc_soat, activo, fecha_registro, usuario_registro) values (1,'A1A-357',30,2.4,3.9,8000,'2025-12-29',1,'2024-08-16',1,sysdate(),'admin');
INSERT INTO sd_vehiculo(id_tipo_vehiculo, placa, largo, ancho, altura, peso, fecha_venc_circulacion, tiene_tarjeta_propiedad, fecha_venc_soat, activo, fecha_registro, usuario_registro) values (2,'O3B-188',36,2.4,2,5500,'2025-01-30',1,null,1,sysdate(),'admin');
INSERT INTO sd_vehiculo(id_tipo_vehiculo, placa, largo, ancho, altura, peso, fecha_venc_circulacion, tiene_tarjeta_propiedad, fecha_venc_soat, activo, fecha_registro, usuario_registro) values (1,'A1A-343',6.4,2.5,3.10,7500,'2024-08-16',1,'2025-12-29',1,sysdate(),'admin');
INSERT INTO sd_vehiculo(id_tipo_vehiculo, placa, largo, ancho, altura, peso, fecha_venc_circulacion, tiene_tarjeta_propiedad, fecha_venc_soat, activo, fecha_registro, usuario_registro) values (2,'O3B-988',13.7,2.5,2.2,6700,'2025-03-08',1,null,1,sysdate(),'admin');
INSERT INTO sd_vehiculo(id_tipo_vehiculo, placa, largo, ancho, altura, peso, fecha_venc_circulacion, tiene_tarjeta_propiedad, fecha_venc_soat, activo, fecha_registro, usuario_registro) values (1,'A1A-496',6.7,2.6,4.2,7200,'2024-10-11',1,'2025-06-18',1,sysdate(),'admin');
INSERT INTO sd_vehiculo(id_tipo_vehiculo, placa, largo, ancho, altura, peso, fecha_venc_circulacion, tiene_tarjeta_propiedad, fecha_venc_soat, activo, fecha_registro, usuario_registro) values (2,'O3B-379',12.7,2.6,2.4,8300,'2025-08-17',1,null,1,sysdate(),'admin');
INSERT INTO sd_vehiculo(id_tipo_vehiculo, placa, largo, ancho, altura, peso, fecha_venc_circulacion, tiene_tarjeta_propiedad, fecha_venc_soat, activo, fecha_registro, usuario_registro) values (1,'A1A-648',42,2.4,3.10,8000,'2024-08-15',1,'2025-02-28',1,sysdate(),'admin');
INSERT INTO sd_vehiculo(id_tipo_vehiculo, placa, largo, ancho, altura, peso, fecha_venc_circulacion, tiene_tarjeta_propiedad, fecha_venc_soat, activo, fecha_registro, usuario_registro) values (2,'O3B-314',48,2.4,2,5500,'2025-03-07',1,null,1,sysdate(),'admin');
INSERT INTO sd_vehiculo(id_tipo_vehiculo, placa, largo, ancho, altura, peso, fecha_venc_circulacion, tiene_tarjeta_propiedad, fecha_venc_soat, activo, fecha_registro, usuario_registro) values (1,'A1A-976',6.6,2.6,4.1,7200,'2024-10-10',1,'2025-06-17',1,sysdate(),'admin');
INSERT INTO sd_vehiculo(id_tipo_vehiculo, placa, largo, ancho, altura, peso, fecha_venc_circulacion, tiene_tarjeta_propiedad, fecha_venc_soat, activo, fecha_registro, usuario_registro) values (2,'O3B-648',12.6,2.6,2.4,8300,'2025-08-16',1,null,1,sysdate(),'admin');
INSERT INTO sd_vehiculo(id_tipo_vehiculo, placa, largo, ancho, altura, peso, fecha_venc_circulacion, tiene_tarjeta_propiedad, fecha_venc_soat, activo, fecha_registro, usuario_registro) values (1,'A1A-973',30,2.4,3.9,8000,'2025-12-29',1,'2024-08-16',1,sysdate(),'admin');
INSERT INTO sd_vehiculo(id_tipo_vehiculo, placa, largo, ancho, altura, peso, fecha_venc_circulacion, tiene_tarjeta_propiedad, fecha_venc_soat, activo, fecha_registro, usuario_registro) values (2,'O3B-171',36,2.4,2,5500,'2024-09-30',1,null,1,sysdate(),'admin');
INSERT INTO sd_vehiculo(id_tipo_vehiculo, placa, largo, ancho, altura, peso, fecha_venc_circulacion, tiene_tarjeta_propiedad, fecha_venc_soat, activo, fecha_registro, usuario_registro) values (1,'A1A-379',6.4,2.5,3.10,7500,'2024-10-09',1,'2025-06-16',1,sysdate(),'admin');
INSERT INTO sd_vehiculo(id_tipo_vehiculo, placa, largo, ancho, altura, peso, fecha_venc_circulacion, tiene_tarjeta_propiedad, fecha_venc_soat, activo, fecha_registro, usuario_registro) values (2,'O3B-177',13.7,2.5,2.2,6700,'2025-08-15',1,null,1,sysdate(),'admin');
INSERT INTO sd_vehiculo(id_tipo_vehiculo, placa, largo, ancho, altura, peso, fecha_venc_circulacion, tiene_tarjeta_propiedad, fecha_venc_soat, activo, fecha_registro, usuario_registro) values (1,'A1A-364',6.5,2.6,4.0,7200,'2025-02-28',1,'2024-08-15',1,sysdate(),'admin');
INSERT INTO sd_vehiculo(id_tipo_vehiculo, placa, largo, ancho, altura, peso, fecha_venc_circulacion, tiene_tarjeta_propiedad, fecha_venc_soat, activo, fecha_registro, usuario_registro) values (2,'O3B-011',12.5,2.6,2.4,8300,'2025-02-27',1,null,1,sysdate(),'admin');
INSERT INTO sd_vehiculo(id_tipo_vehiculo, placa, largo, ancho, altura, peso, fecha_venc_circulacion, tiene_tarjeta_propiedad, fecha_venc_soat, activo, fecha_registro, usuario_registro) values (1,'A1A-668',18,2.4,3.8,8000,'2024-08-15',1,'2025-02-28',1,sysdate(),'admin');
INSERT INTO sd_vehiculo(id_tipo_vehiculo, placa, largo, ancho, altura, peso, fecha_venc_circulacion, tiene_tarjeta_propiedad, fecha_venc_soat, activo, fecha_registro, usuario_registro) values (2,'O3B-771',24,2.4,2,5500,'2025-03-07',1,null,1,sysdate(),'admin');
INSERT INTO sd_vehiculo(id_tipo_vehiculo, placa, largo, ancho, altura, peso, fecha_venc_circulacion, tiene_tarjeta_propiedad, fecha_venc_soat, activo, fecha_registro, usuario_registro) values (1,'A1A-644',6.3,2.5,3.9,7500,'2024-08-16',1,'2025-12-29',1,sysdate(),'admin');
INSERT INTO sd_vehiculo(id_tipo_vehiculo, placa, largo, ancho, altura, peso, fecha_venc_circulacion, tiene_tarjeta_propiedad, fecha_venc_soat, activo, fecha_registro, usuario_registro) values (2,'O3B-332',13.6,2.5,2.2,6700,'2025-03-08',1,null,1,sysdate(),'admin');
INSERT INTO sd_vehiculo(id_tipo_vehiculo, placa, largo, ancho, altura, peso, fecha_venc_circulacion, tiene_tarjeta_propiedad, fecha_venc_soat, activo, fecha_registro, usuario_registro) values (1,'A1A-546',6.6,2.6,4.1,7200,'2024-10-11',1,'2025-06-18',1,sysdate(),'admin');
INSERT INTO sd_vehiculo(id_tipo_vehiculo, placa, largo, ancho, altura, peso, fecha_venc_circulacion, tiene_tarjeta_propiedad, fecha_venc_soat, activo, fecha_registro, usuario_registro) values (2,'O3B-784',12.6,2.6,2.4,8300,'2025-08-17',1,null,1,sysdate(),'admin');
INSERT INTO sd_vehiculo(id_tipo_vehiculo, placa, largo, ancho, altura, peso, fecha_venc_circulacion, tiene_tarjeta_propiedad, fecha_venc_soat, activo, fecha_registro, usuario_registro) values (1,'A1A-007',30,2.4,3.9,8000,'2024-08-15',1,'2025-02-28',1,sysdate(),'admin');
INSERT INTO sd_vehiculo(id_tipo_vehiculo, placa, largo, ancho, altura, peso, fecha_venc_circulacion, tiene_tarjeta_propiedad, fecha_venc_soat, activo, fecha_registro, usuario_registro) values (2,'O3B-481',36,2.4,2,5500,'2025-03-07',1,null,1,sysdate(),'admin');
INSERT INTO sd_vehiculo(id_tipo_vehiculo, placa, largo, ancho, altura, peso, fecha_venc_circulacion, tiene_tarjeta_propiedad, fecha_venc_soat, activo, fecha_registro, usuario_registro) values (1,'A1A-181',6.4,2.5,3.10,7500,'2024-10-10',1,'2025-06-17',1,sysdate(),'admin');
INSERT INTO sd_vehiculo(id_tipo_vehiculo, placa, largo, ancho, altura, peso, fecha_venc_circulacion, tiene_tarjeta_propiedad, fecha_venc_soat, activo, fecha_registro, usuario_registro) values (2,'O3B-181',13.7,2.5,2.2,6700,'2025-08-16',1,null,1,sysdate(),'admin');
INSERT INTO sd_vehiculo(id_tipo_vehiculo, placa, largo, ancho, altura, peso, fecha_venc_circulacion, tiene_tarjeta_propiedad, fecha_venc_soat, activo, fecha_registro, usuario_registro) values (1,'A1A-337',6,2.4,3.7,8000,'2025-08-15',1,'2025-06-15',1,sysdate(),'admin');
INSERT INTO sd_vehiculo(id_tipo_vehiculo, placa, largo, ancho, altura, peso, fecha_venc_circulacion, tiene_tarjeta_propiedad, fecha_venc_soat, activo, fecha_registro, usuario_registro) values (2,'03B-792',12,2.4,2,5500,'2025-07-06',1,null,1,sysdate(),'admin');
INSERT INTO sd_vehiculo(id_tipo_vehiculo, placa, largo, ancho, altura, peso, fecha_venc_circulacion, tiene_tarjeta_propiedad, fecha_venc_soat, activo, fecha_registro, usuario_registro) values (1,'A1A-141',6.2,2.5,3.8,7500,'2025-03-09',1,'2024-08-14',1,sysdate(),'admin');
INSERT INTO sd_vehiculo(id_tipo_vehiculo, placa, largo, ancho, altura, peso, fecha_venc_circulacion, tiene_tarjeta_propiedad, fecha_venc_soat, activo, fecha_registro, usuario_registro) values (2,'03B-750',13.5,2.5,2.2,6700,'2025-06-09',1,null,1,sysdate(),'admin');
INSERT INTO sd_vehiculo(id_tipo_vehiculo, placa, largo, ancho, altura, peso, fecha_venc_circulacion, tiene_tarjeta_propiedad, fecha_venc_soat, activo, fecha_registro, usuario_registro) values (1,'A1A-652',6.5,2.6,4.0,7200,'2024-10-13',1,'2025-02-27',1,sysdate(),'admin');
INSERT INTO sd_vehiculo(id_tipo_vehiculo, placa, largo, ancho, altura, peso, fecha_venc_circulacion, tiene_tarjeta_propiedad, fecha_venc_soat, activo, fecha_registro, usuario_registro) values (2,'03B-410',12.5,2.6,2.4,8300,'2025-03-07',1,null,1,sysdate(),'admin');
INSERT INTO sd_vehiculo(id_tipo_vehiculo, placa, largo, ancho, altura, peso, fecha_venc_circulacion, tiene_tarjeta_propiedad, fecha_venc_soat, activo, fecha_registro, usuario_registro) values (1,'A1A-498',18,2.4,3.8,8000,'2024-10-10',1,'2025-06-16',1,sysdate(),'admin');
INSERT INTO sd_vehiculo(id_tipo_vehiculo, placa, largo, ancho, altura, peso, fecha_venc_circulacion, tiene_tarjeta_propiedad, fecha_venc_soat, activo, fecha_registro, usuario_registro) values (2,'03B-185',24,2.4,2,5500,'2025-08-16',1,null,1,sysdate(),'admin');
INSERT INTO sd_vehiculo(id_tipo_vehiculo, placa, largo, ancho, altura, peso, fecha_venc_circulacion, tiene_tarjeta_propiedad, fecha_venc_soat, activo, fecha_registro, usuario_registro) values (1,'A1A-870',6.3,2.5,3.9,7500,'2025-02-26',1,'2024-08-15',1,sysdate(),'admin');
INSERT INTO sd_vehiculo(id_tipo_vehiculo, placa, largo, ancho, altura, peso, fecha_venc_circulacion, tiene_tarjeta_propiedad, fecha_venc_soat, activo, fecha_registro, usuario_registro) values (2,'03B-206',13.6,2.5,2.2,6700,'2025-02-25',1,null,1,sysdate(),'admin');
INSERT INTO sd_vehiculo(id_tipo_vehiculo, placa, largo, ancho, altura, peso, fecha_venc_circulacion, tiene_tarjeta_propiedad, fecha_venc_soat, activo, fecha_registro, usuario_registro) values (1,'A1A-578',6.6,2.6,4.1,7200,'2024-08-16',1,'2025-02-28',1,sysdate(),'admin');
INSERT INTO sd_vehiculo(id_tipo_vehiculo, placa, largo, ancho, altura, peso, fecha_venc_circulacion, tiene_tarjeta_propiedad, fecha_venc_soat, activo, fecha_registro, usuario_registro) values (2,'03B-473',12.6,2.6,2.4,8300,'2025-03-08',1,null,1,sysdate(),'admin');
INSERT INTO sd_vehiculo(id_tipo_vehiculo, placa, largo, ancho, altura, peso, fecha_venc_circulacion, tiene_tarjeta_propiedad, fecha_venc_soat, activo, fecha_registro, usuario_registro) values (1,'A1A-458',30,2.4,3.9,8000,'2024-10-11',1,'2025-06-17',1,sysdate(),'admin');
INSERT INTO sd_vehiculo(id_tipo_vehiculo, placa, largo, ancho, altura, peso, fecha_venc_circulacion, tiene_tarjeta_propiedad, fecha_venc_soat, activo, fecha_registro, usuario_registro) values (2,'03B-922',36,2.4,2,5500,'2025-08-17',1,null,1,sysdate(),'admin');
INSERT INTO sd_vehiculo(id_tipo_vehiculo, placa, largo, ancho, altura, peso, fecha_venc_circulacion, tiene_tarjeta_propiedad, fecha_venc_soat, activo, fecha_registro, usuario_registro) values (1,'A1A-331',6.4,2.5,3.10,7500,'2025-12-30',1,'2024-08-16',1,sysdate(),'admin');
INSERT INTO sd_vehiculo(id_tipo_vehiculo, placa, largo, ancho, altura, peso, fecha_venc_circulacion, tiene_tarjeta_propiedad, fecha_venc_soat, activo, fecha_registro, usuario_registro) values (2,'03B-458',13.7,2.5,2.2,6700,'2025-01-31',1,null,1,sysdate(),'admin');
INSERT INTO sd_vehiculo(id_tipo_vehiculo, placa, largo, ancho, altura, peso, fecha_venc_circulacion, tiene_tarjeta_propiedad, fecha_venc_soat, activo, fecha_registro, usuario_registro) values (1,'A1A-453',6.7,2.6,4.2,7200,'2024-08-17',1,'2025-12-29',1,sysdate(),'admin');
INSERT INTO sd_vehiculo(id_tipo_vehiculo, placa, largo, ancho, altura, peso, fecha_venc_circulacion, tiene_tarjeta_propiedad, fecha_venc_soat, activo, fecha_registro, usuario_registro) values (2,'03B-110',12.7,2.6,2.4,8300,'2025-03-09',1,null,1,sysdate(),'admin');
INSERT INTO sd_vehiculo(id_tipo_vehiculo, placa, largo, ancho, altura, peso, fecha_venc_circulacion, tiene_tarjeta_propiedad, fecha_venc_soat, activo, fecha_registro, usuario_registro) values (1,'A1A-143',42,2.4,3.10,8000,'2024-10-12',1,'2025-06-18',1,sysdate(),'admin');
INSERT INTO sd_vehiculo(id_tipo_vehiculo, placa, largo, ancho, altura, peso, fecha_venc_circulacion, tiene_tarjeta_propiedad, fecha_venc_soat, activo, fecha_registro, usuario_registro) values (2,'03B-686',48,2.4,2,5500,'2025-08-18',1,null,1,sysdate(),'admin');
INSERT INTO sd_vehiculo(id_tipo_vehiculo, placa, largo, ancho, altura, peso, fecha_venc_circulacion, tiene_tarjeta_propiedad, fecha_venc_soat, activo, fecha_registro, usuario_registro) values (1,'A1A-520',6.6,2.6,4.1,7200,'2024-08-16',1,'2025-02-28',1,sysdate(),'admin');
INSERT INTO sd_vehiculo(id_tipo_vehiculo, placa, largo, ancho, altura, peso, fecha_venc_circulacion, tiene_tarjeta_propiedad, fecha_venc_soat, activo, fecha_registro, usuario_registro) values (2,'03B-801',12.6,2.6,2.4,8300,'2025-03-08',1,null,1,sysdate(),'admin');
INSERT INTO sd_vehiculo(id_tipo_vehiculo, placa, largo, ancho, altura, peso, fecha_venc_circulacion, tiene_tarjeta_propiedad, fecha_venc_soat, activo, fecha_registro, usuario_registro) values (1,'A1A-570',30,2.4,3.9,8000,'2024-10-11',1,'2025-06-17',1,sysdate(),'admin');
INSERT INTO sd_vehiculo(id_tipo_vehiculo, placa, largo, ancho, altura, peso, fecha_venc_circulacion, tiene_tarjeta_propiedad, fecha_venc_soat, activo, fecha_registro, usuario_registro) values (2,'03B-340',36,2.4,2,5500,'2025-08-17',1,null,1,sysdate(),'admin');
INSERT INTO sd_vehiculo(id_tipo_vehiculo, placa, largo, ancho, altura, peso, fecha_venc_circulacion, tiene_tarjeta_propiedad, fecha_venc_soat, activo, fecha_registro, usuario_registro) values (1,'A1A-883',6.4,2.5,3.10,7500,'2025-12-30',1,'2024-08-16',1,sysdate(),'admin');
INSERT INTO sd_vehiculo(id_tipo_vehiculo, placa, largo, ancho, altura, peso, fecha_venc_circulacion, tiene_tarjeta_propiedad, fecha_venc_soat, activo, fecha_registro, usuario_registro) values (2,'03B-313',13.7,2.5,2.2,6700,'2024-10-31',1,null,1,sysdate(),'admin');
INSERT INTO sd_vehiculo(id_tipo_vehiculo, placa, largo, ancho, altura, peso, fecha_venc_circulacion, tiene_tarjeta_propiedad, fecha_venc_soat, activo, fecha_registro, usuario_registro) values (1,'A1A-734',6.7,2.6,4.2,7200,'2024-08-17',1,'2025-12-29',1,sysdate(),'admin');
INSERT INTO sd_vehiculo(id_tipo_vehiculo, placa, largo, ancho, altura, peso, fecha_venc_circulacion, tiene_tarjeta_propiedad, fecha_venc_soat, activo, fecha_registro, usuario_registro) values (2,'03B-778',12.7,2.6,2.4,8300,'2025-03-09',1,null,1,sysdate(),'admin');
INSERT INTO sd_vehiculo(id_tipo_vehiculo, placa, largo, ancho, altura, peso, fecha_venc_circulacion, tiene_tarjeta_propiedad, fecha_venc_soat, activo, fecha_registro, usuario_registro) values (1,'A1A-940',42,2.4,3.10,8000,'2024-10-12',1,'2025-06-18',1,sysdate(),'admin');
INSERT INTO sd_vehiculo(id_tipo_vehiculo, placa, largo, ancho, altura, peso, fecha_venc_circulacion, tiene_tarjeta_propiedad, fecha_venc_soat, activo, fecha_registro, usuario_registro) values (2,'03B-180',48,2.4,2,5500,'2025-08-18',1,null,1,sysdate(),'admin');
INSERT INTO sd_vehiculo(id_tipo_vehiculo, placa, largo, ancho, altura, peso, fecha_venc_circulacion, tiene_tarjeta_propiedad, fecha_venc_soat, activo, fecha_registro, usuario_registro) values (1,'A1A-312',6.6,2.6,4.1,7200,'2024-08-16',1,'2025-02-28',1,sysdate(),'admin');
INSERT INTO sd_vehiculo(id_tipo_vehiculo, placa, largo, ancho, altura, peso, fecha_venc_circulacion, tiene_tarjeta_propiedad, fecha_venc_soat, activo, fecha_registro, usuario_registro) values (2,'03B-649',12.6,2.6,2.4,8300,'2025-03-08',1,null,1,sysdate(),'admin');
INSERT INTO sd_vehiculo(id_tipo_vehiculo, placa, largo, ancho, altura, peso, fecha_venc_circulacion, tiene_tarjeta_propiedad, fecha_venc_soat, activo, fecha_registro, usuario_registro) values (1,'A1A-307',30,2.4,3.9,8000,'2024-10-11',1,'2025-06-17',1,sysdate(),'admin');
INSERT INTO sd_vehiculo(id_tipo_vehiculo, placa, largo, ancho, altura, peso, fecha_venc_circulacion, tiene_tarjeta_propiedad, fecha_venc_soat, activo, fecha_registro, usuario_registro) values (2,'03B-840',36,2.4,2,5500,'2025-08-17',1,null,1,sysdate(),'admin');
INSERT INTO sd_vehiculo(id_tipo_vehiculo, placa, largo, ancho, altura, peso, fecha_venc_circulacion, tiene_tarjeta_propiedad, fecha_venc_soat, activo, fecha_registro, usuario_registro) values (1,'A1A-887',6.4,2.5,3.10,7500,'2025-12-30',1,'2024-08-16',1,sysdate(),'admin');
INSERT INTO sd_vehiculo(id_tipo_vehiculo, placa, largo, ancho, altura, peso, fecha_venc_circulacion, tiene_tarjeta_propiedad, fecha_venc_soat, activo, fecha_registro, usuario_registro) values (2,'03B-827',13.7,2.5,2.2,6700,'2024-06-12',1,null,1,sysdate(),'admin');
INSERT INTO sd_vehiculo(id_tipo_vehiculo, placa, largo, ancho, altura, peso, fecha_venc_circulacion, tiene_tarjeta_propiedad, fecha_venc_soat, activo, fecha_registro, usuario_registro) values (1,'A1A-877',6.7,2.6,4.2,7200,'2024-08-17',1,'2025-12-29',1,sysdate(),'admin');
INSERT INTO sd_vehiculo(id_tipo_vehiculo, placa, largo, ancho, altura, peso, fecha_venc_circulacion, tiene_tarjeta_propiedad, fecha_venc_soat, activo, fecha_registro, usuario_registro) values (2,'03B-418',12.7,2.6,2.4,8300,'2025-03-09',1,null,1,sysdate(),'admin');
INSERT INTO sd_vehiculo(id_tipo_vehiculo, placa, largo, ancho, altura, peso, fecha_venc_circulacion, tiene_tarjeta_propiedad, fecha_venc_soat, activo, fecha_registro, usuario_registro) values (1,'A1A-739',42,2.4,3.10,8000,'2024-10-12',1,'2025-06-18',1,sysdate(),'admin');
INSERT INTO sd_vehiculo(id_tipo_vehiculo, placa, largo, ancho, altura, peso, fecha_venc_circulacion, tiene_tarjeta_propiedad, fecha_venc_soat, activo, fecha_registro, usuario_registro) values (2,'03B-831',48,2.4,2,5500,'2025-08-18',1,null,1,sysdate(),'admin');
INSERT INTO sd_vehiculo(id_tipo_vehiculo, placa, largo, ancho, altura, peso, fecha_venc_circulacion, tiene_tarjeta_propiedad, fecha_venc_soat, activo, fecha_registro, usuario_registro) values (1,'A1A-948',6.3,2.5,3.9,7500,'2024-08-16',1,'2025-02-28',1,sysdate(),'admin');
INSERT INTO sd_vehiculo(id_tipo_vehiculo, placa, largo, ancho, altura, peso, fecha_venc_circulacion, tiene_tarjeta_propiedad, fecha_venc_soat, activo, fecha_registro, usuario_registro) values (2,'03B-018',13.6,2.5,2.2,6700,'2025-03-08',1,null,1,sysdate(),'admin');
INSERT INTO sd_vehiculo(id_tipo_vehiculo, placa, largo, ancho, altura, peso, fecha_venc_circulacion, tiene_tarjeta_propiedad, fecha_venc_soat, activo, fecha_registro, usuario_registro) values (1,'A1A-504',6.6,2.6,4.1,7200,'2024-10-11',1,'2025-06-17',1,sysdate(),'admin');
INSERT INTO sd_vehiculo(id_tipo_vehiculo, placa, largo, ancho, altura, peso, fecha_venc_circulacion, tiene_tarjeta_propiedad, fecha_venc_soat, activo, fecha_registro, usuario_registro) values (2,'03B-429',12.6,2.6,2.4,8300,'2025-08-17',1,null,1,sysdate(),'admin');
INSERT INTO sd_vehiculo(id_tipo_vehiculo, placa, largo, ancho, altura, peso, fecha_venc_circulacion, tiene_tarjeta_propiedad, fecha_venc_soat, activo, fecha_registro, usuario_registro) values (1,'A1A-450',30,2.4,3.9,8000,'2025-12-30',1,'2024-08-16',1,sysdate(),'admin');
INSERT INTO sd_vehiculo(id_tipo_vehiculo, placa, largo, ancho, altura, peso, fecha_venc_circulacion, tiene_tarjeta_propiedad, fecha_venc_soat, activo, fecha_registro, usuario_registro) values (2,'03B-228',36,2.4,2,5500,'2025-01-31',1,null,1,sysdate(),'admin');
INSERT INTO sd_vehiculo(id_tipo_vehiculo, placa, largo, ancho, altura, peso, fecha_venc_circulacion, tiene_tarjeta_propiedad, fecha_venc_soat, activo, fecha_registro, usuario_registro) values (1,'A1A-852',6.4,2.5,3.10,7500,'2024-08-17',1,'2025-12-29',1,sysdate(),'admin');
INSERT INTO sd_vehiculo(id_tipo_vehiculo, placa, largo, ancho, altura, peso, fecha_venc_circulacion, tiene_tarjeta_propiedad, fecha_venc_soat, activo, fecha_registro, usuario_registro) values (2,'03B-505',13.7,2.5,2.2,6700,'2025-03-09',1,null,1,sysdate(),'admin');
INSERT INTO sd_vehiculo(id_tipo_vehiculo, placa, largo, ancho, altura, peso, fecha_venc_circulacion, tiene_tarjeta_propiedad, fecha_venc_soat, activo, fecha_registro, usuario_registro) values (1,'A1A-808',6.7,2.6,4.2,7200,'2024-10-12',1,'2025-06-18',1,sysdate(),'admin');
INSERT INTO sd_vehiculo(id_tipo_vehiculo, placa, largo, ancho, altura, peso, fecha_venc_circulacion, tiene_tarjeta_propiedad, fecha_venc_soat, activo, fecha_registro, usuario_registro) values (2,'O3B-748',12.7,2.6,2.4,8300,'2025-08-18',1,null,1,sysdate(),'admin');
INSERT INTO sd_vehiculo(id_tipo_vehiculo, placa, largo, ancho, altura, peso, fecha_venc_circulacion, tiene_tarjeta_propiedad, fecha_venc_soat, activo, fecha_registro, usuario_registro) values (1,'A1A-275',42,2.4,3.10,8000,'2024-08-16',1,'2025-02-28',1,sysdate(),'admin');
INSERT INTO sd_vehiculo(id_tipo_vehiculo, placa, largo, ancho, altura, peso, fecha_venc_circulacion, tiene_tarjeta_propiedad, fecha_venc_soat, activo, fecha_registro, usuario_registro) values (2,'O3B-337',48,2.4,2,5500,'2025-03-08',1,null,1,sysdate(),'admin');
INSERT INTO sd_vehiculo(id_tipo_vehiculo, placa, largo, ancho, altura, peso, fecha_venc_circulacion, tiene_tarjeta_propiedad, fecha_venc_soat, activo, fecha_registro, usuario_registro) values (1,'A1A-482',6.6,2.6,4.1,7200,'2024-10-11',1,'2025-06-17',1,sysdate(),'admin');
INSERT INTO sd_vehiculo(id_tipo_vehiculo, placa, largo, ancho, altura, peso, fecha_venc_circulacion, tiene_tarjeta_propiedad, fecha_venc_soat, activo, fecha_registro, usuario_registro) values (2,'O3B-565',12.6,2.6,2.4,8300,'2025-08-17',1,null,1,sysdate(),'admin');
INSERT INTO sd_vehiculo(id_tipo_vehiculo, placa, largo, ancho, altura, peso, fecha_venc_circulacion, tiene_tarjeta_propiedad, fecha_venc_soat, activo, fecha_registro, usuario_registro) values (1,'A1A-964',30,2.4,3.9,8000,'2025-12-30',1,'2024-08-16',1,sysdate(),'admin');
INSERT INTO sd_vehiculo(id_tipo_vehiculo, placa, largo, ancho, altura, peso, fecha_venc_circulacion, tiene_tarjeta_propiedad, fecha_venc_soat, activo, fecha_registro, usuario_registro) values (2,'O3B-516',36,2.4,2,5500,'2024-10-31',1,null,1,sysdate(),'admin');
INSERT INTO sd_vehiculo(id_tipo_vehiculo, placa, largo, ancho, altura, peso, fecha_venc_circulacion, tiene_tarjeta_propiedad, fecha_venc_soat, activo, fecha_registro, usuario_registro) values (1,'A1A-131',6.4,2.5,3.10,7500,'2024-10-10',1,'2025-06-16',1,sysdate(),'admin');
INSERT INTO sd_vehiculo(id_tipo_vehiculo, placa, largo, ancho, altura, peso, fecha_venc_circulacion, tiene_tarjeta_propiedad, fecha_venc_soat, activo, fecha_registro, usuario_registro) values (2,'O3B-461',13.7,2.5,2.2,6700,'2025-08-16',1,null,1,sysdate(),'admin');
INSERT INTO sd_vehiculo(id_tipo_vehiculo, placa, largo, ancho, altura, peso, fecha_venc_circulacion, tiene_tarjeta_propiedad, fecha_venc_soat, activo, fecha_registro, usuario_registro) values (1,'A1A-869',6.5,2.6,4.0,7200,'2025-02-26',1,'2024-08-15',1,sysdate(),'admin');
INSERT INTO sd_vehiculo(id_tipo_vehiculo, placa, largo, ancho, altura, peso, fecha_venc_circulacion, tiene_tarjeta_propiedad, fecha_venc_soat, activo, fecha_registro, usuario_registro) values (2,'O3B-489',12.5,2.6,2.4,8300,'2025-02-25',1,null,1,sysdate(),'admin');
INSERT INTO sd_vehiculo(id_tipo_vehiculo, placa, largo, ancho, altura, peso, fecha_venc_circulacion, tiene_tarjeta_propiedad, fecha_venc_soat, activo, fecha_registro, usuario_registro) values (1,'A1A-310',18,2.4,3.8,8000,'2024-08-16',0,'2025-02-28',1,sysdate(),'admin');
INSERT INTO sd_vehiculo(id_tipo_vehiculo, placa, largo, ancho, altura, peso, fecha_venc_circulacion, tiene_tarjeta_propiedad, fecha_venc_soat, activo, fecha_registro, usuario_registro) values (2,'O3B-371',24,2.4,2,5500,'2023-03-08',1,null,1,sysdate(),'admin');
INSERT INTO sd_vehiculo(id_tipo_vehiculo, placa, largo, ancho, altura, peso, fecha_venc_circulacion, tiene_tarjeta_propiedad, fecha_venc_soat, activo, fecha_registro, usuario_registro) values (1,'A1A-873',6.3,2.5,3.9,7500,'2024-08-17',1,'2023-12-29',1,sysdate(),'admin');
INSERT INTO sd_vehiculo(id_tipo_vehiculo, placa, largo, ancho, altura, peso, fecha_venc_circulacion, tiene_tarjeta_propiedad, fecha_venc_soat, activo, fecha_registro, usuario_registro) values (2,'O3B-569',13.6,2.5,2.2,6700,'2024-03-09',0,null,1,sysdate(),'admin');
INSERT INTO sd_vehiculo(id_tipo_vehiculo, placa, largo, ancho, altura, peso, fecha_venc_circulacion, tiene_tarjeta_propiedad, fecha_venc_soat, activo, fecha_registro, usuario_registro) values (1,'A1A-130',6.6,2.6,4.1,7200,'2024-10-12',1,'2025-06-18',1,sysdate(),'admin');
INSERT INTO sd_vehiculo(id_tipo_vehiculo, placa, largo, ancho, altura, peso, fecha_venc_circulacion, tiene_tarjeta_propiedad, fecha_venc_soat, activo, fecha_registro, usuario_registro) values (2,'O3B-536',12.6,2.6,2.4,8300,'2025-08-18',1,null,1,sysdate(),'admin');
INSERT INTO sd_vehiculo(id_tipo_vehiculo, placa, largo, ancho, altura, peso, fecha_venc_circulacion, tiene_tarjeta_propiedad, fecha_venc_soat, activo, fecha_registro, usuario_registro) values (1,'A1A-833',30,2.4,3.9,8000,'2024-08-16',0,'2024-02-28',1,sysdate(),'admin');
INSERT INTO sd_vehiculo(id_tipo_vehiculo, placa, largo, ancho, altura, peso, fecha_venc_circulacion, tiene_tarjeta_propiedad, fecha_venc_soat, activo, fecha_registro, usuario_registro) values (2,'O3B-056',36,2.4,2,5500,'2025-03-08',1,null,1,sysdate(),'admin');
INSERT INTO sd_vehiculo(id_tipo_vehiculo, placa, largo, ancho, altura, peso, fecha_venc_circulacion, tiene_tarjeta_propiedad, fecha_venc_soat, activo, fecha_registro, usuario_registro) values (1,'A1A-262',6.4,2.5,3.10,7500,'2024-10-11',1,'2025-06-17',1,sysdate(),'admin');
INSERT INTO sd_vehiculo(id_tipo_vehiculo, placa, largo, ancho, altura, peso, fecha_venc_circulacion, tiene_tarjeta_propiedad, fecha_venc_soat, activo, fecha_registro, usuario_registro) values (2,'O3B-026',13.7,2.5,2.2,6700,'2025-08-17',0,null,1,sysdate(),'admin');

-- sd_cliente
INSERT INTO sd_cliente (razon_social, ruc,activo, fecha_registro, usuario_registro) VALUES ('Ferreteria San Marcos','58945785216',1,sysdate(),'admin');
INSERT INTO sd_cliente (razon_social, ruc,activo, fecha_registro, usuario_registro) VALUES ('Constructora San Martin','14895623487',1,sysdate(),'admin');
INSERT INTO sd_cliente (razon_social, ruc,activo, fecha_registro, usuario_registro) VALUES ('Bechtel Per','13462484613',1,sysdate(),'admin');
INSERT INTO sd_cliente (razon_social, ruc,activo, fecha_registro, usuario_registro) VALUES ('Vinci SAC','48650480850',1,sysdate(),'admin');

-- sd_sede_cliente
INSERT INTO sd_sede_cliente(id_cliente, direccion, distrito, activo, fecha_registro, usuario_registro) VALUES (1,'Jr. Yavari 348','Villa el Salvador',1,sysdate(),'admin');
INSERT INTO sd_sede_cliente(id_cliente, direccion, distrito, activo, fecha_registro, usuario_registro) VALUES (2,'Av. Izaguirre 4896','Independencia',1,sysdate(),'admin');
INSERT INTO sd_sede_cliente(id_cliente, direccion, distrito, activo, fecha_registro, usuario_registro) VALUES (2,'Jr. Juliaca 789','Comas',1,sysdate(),'admin');
INSERT INTO sd_sede_cliente(id_cliente, direccion, distrito, activo, fecha_registro, usuario_registro) VALUES (3,'Av. Los Alamos 3457','San Juan de Miraflores',1,sysdate(),'admin');
INSERT INTO sd_sede_cliente(id_cliente, direccion, distrito, activo, fecha_registro, usuario_registro) VALUES (3,'Av. Jupiter 1278','Ate',1,sysdate(),'admin');
INSERT INTO sd_sede_cliente(id_cliente, direccion, distrito, activo, fecha_registro, usuario_registro) VALUES (3,'Jr. Trueno 928','Ate',1,sysdate(),'admin');
INSERT INTO sd_sede_cliente(id_cliente, direccion, distrito, activo, fecha_registro, usuario_registro) VALUES (4,'Av. Mariategui 2456','Villa Maria del Triunfo',1,sysdate(),'admin');
INSERT INTO sd_sede_cliente(id_cliente, direccion, distrito, activo, fecha_registro, usuario_registro) VALUES (4,'Jr. Huiracocha 195','Independencia',1,sysdate(),'admin');

-- sd_estado_orden
INSERT INTO sd_estado_orden (nombre) VALUES ('registrada');
INSERT INTO sd_estado_orden (nombre) VALUES ('despachando');
INSERT INTO sd_estado_orden (nombre) VALUES ('recogida');

-- sd_orden_recojo
INSERT INTO sd_orden_recojo(id_conductor, id_sede_cliente, id_producto_venta, id_estado_orden, id_tracto, id_carreta, cantidad, activo, fecha_registro, usuario_registro) values (1,3,1,1,1,2,800,1,sysdate(),'admin');
INSERT INTO sd_orden_recojo(id_conductor, id_sede_cliente, id_producto_venta, id_estado_orden, id_tracto, id_carreta, cantidad, activo, fecha_registro, usuario_registro) values (2,4,2,1,3,4,600,1,sysdate(),'admin');
INSERT INTO sd_orden_recojo(id_conductor, id_sede_cliente, id_producto_venta, id_estado_orden, id_tracto, id_carreta, cantidad, activo, fecha_registro, usuario_registro) values (3,2,3,1,5,6,1500,1,sysdate(),'admin');
INSERT INTO sd_orden_recojo(id_conductor, id_sede_cliente, id_producto_venta, id_estado_orden, id_tracto, id_carreta, cantidad, activo, fecha_registro, usuario_registro) values (4,5,4,1,7,8,1800,1,sysdate(),'admin');
INSERT INTO sd_orden_recojo(id_conductor, id_sede_cliente, id_producto_venta, id_estado_orden, id_tracto, id_carreta, cantidad, activo, fecha_registro, usuario_registro) values (5,7,1,1,9,10,750,1,sysdate(),'admin');
INSERT INTO sd_orden_recojo(id_conductor, id_sede_cliente, id_producto_venta, id_estado_orden, id_tracto, id_carreta, cantidad, activo, fecha_registro, usuario_registro) values (6,1,5,1,11,12,1200,1,sysdate(),'admin');
INSERT INTO sd_orden_recojo(id_conductor, id_sede_cliente, id_producto_venta, id_estado_orden, id_tracto, id_carreta, cantidad, activo, fecha_registro, usuario_registro) values (7,8,6,2,13,14,1350,1,sysdate(),'admin');
INSERT INTO sd_orden_recojo(id_conductor, id_sede_cliente, id_producto_venta, id_estado_orden, id_tracto, id_carreta, cantidad, activo, fecha_registro, usuario_registro) values (8,6,3,2,15,16,1750,1,sysdate(),'admin');
INSERT INTO sd_orden_recojo(id_conductor, id_sede_cliente, id_producto_venta, id_estado_orden, id_tracto, id_carreta, cantidad, activo, fecha_registro, usuario_registro) values (9,1,2,2,17,18,800,1,sysdate(),'admin');
INSERT INTO sd_orden_recojo(id_conductor, id_sede_cliente, id_producto_venta, id_estado_orden, id_tracto, id_carreta, cantidad, activo, fecha_registro, usuario_registro) values (10,2,4,2,19,20,1600,1,sysdate(),'admin');
INSERT INTO sd_orden_recojo(id_conductor, id_sede_cliente, id_producto_venta, id_estado_orden, id_tracto, id_carreta, cantidad, activo, fecha_registro, usuario_registro) values (11,5,2,2,21,22,850,1,sysdate(),'admin');
INSERT INTO sd_orden_recojo(id_conductor, id_sede_cliente, id_producto_venta, id_estado_orden, id_tracto, id_carreta, cantidad, activo, fecha_registro, usuario_registro) values (12,2,1,2,23,24,720,1,sysdate(),'admin');
INSERT INTO sd_orden_recojo(id_conductor, id_sede_cliente, id_producto_venta, id_estado_orden, id_tracto, id_carreta, cantidad, activo, fecha_registro, usuario_registro) values (13,5,1,2,25,26,825,1,sysdate(),'admin');
INSERT INTO sd_orden_recojo(id_conductor, id_sede_cliente, id_producto_venta, id_estado_orden, id_tracto, id_carreta, cantidad, activo, fecha_registro, usuario_registro) values (14,4,3,2,27,28,1700,1,sysdate(),'admin');
INSERT INTO sd_orden_recojo(id_conductor, id_sede_cliente, id_producto_venta, id_estado_orden, id_tracto, id_carreta, cantidad, activo, fecha_registro, usuario_registro) values (15,1,1,2,29,30,750,1,sysdate(),'admin');
INSERT INTO sd_orden_recojo(id_conductor, id_sede_cliente, id_producto_venta, id_estado_orden, id_tracto, id_carreta, cantidad, activo, fecha_registro, usuario_registro) values (16,4,1,2,31,32,680,1,sysdate(),'admin');
INSERT INTO sd_orden_recojo(id_conductor, id_sede_cliente, id_producto_venta, id_estado_orden, id_tracto, id_carreta, cantidad, activo, fecha_registro, usuario_registro) values (17,6,5,2,33,34,1350,1,sysdate(),'admin');
INSERT INTO sd_orden_recojo(id_conductor, id_sede_cliente, id_producto_venta, id_estado_orden, id_tracto, id_carreta, cantidad, activo, fecha_registro, usuario_registro) values (18,3,4,2,35,36,1350,1,sysdate(),'admin');
INSERT INTO sd_orden_recojo(id_conductor, id_sede_cliente, id_producto_venta, id_estado_orden, id_tracto, id_carreta, cantidad, activo, fecha_registro, usuario_registro) values (19,4,6,2,37,38,1200,1,sysdate(),'admin');
INSERT INTO sd_orden_recojo(id_conductor, id_sede_cliente, id_producto_venta, id_estado_orden, id_tracto, id_carreta, cantidad, activo, fecha_registro, usuario_registro) values (20,5,2,2,39,40,850,1,sysdate(),'admin');
INSERT INTO sd_orden_recojo(id_conductor, id_sede_cliente, id_producto_venta, id_estado_orden, id_tracto, id_carreta, cantidad, activo, fecha_registro, usuario_registro) values (21,2,1,2,41,42,720,1,sysdate(),'admin');
INSERT INTO sd_orden_recojo(id_conductor, id_sede_cliente, id_producto_venta, id_estado_orden, id_tracto, id_carreta, cantidad, activo, fecha_registro, usuario_registro) values (22,4,3,2,43,44,1500,1,sysdate(),'admin');
INSERT INTO sd_orden_recojo(id_conductor, id_sede_cliente, id_producto_venta, id_estado_orden, id_tracto, id_carreta, cantidad, activo, fecha_registro, usuario_registro) values (23,1,1,2,45,46,750,1,sysdate(),'admin');
INSERT INTO sd_orden_recojo(id_conductor, id_sede_cliente, id_producto_venta, id_estado_orden, id_tracto, id_carreta, cantidad, activo, fecha_registro, usuario_registro) values (24,5,5,2,47,48,1400,1,sysdate(),'admin');
INSERT INTO sd_orden_recojo(id_conductor, id_sede_cliente, id_producto_venta, id_estado_orden, id_tracto, id_carreta, cantidad, activo, fecha_registro, usuario_registro) values (25,2,4,2,49,50,1700,1,sysdate(),'admin');
INSERT INTO sd_orden_recojo(id_conductor, id_sede_cliente, id_producto_venta, id_estado_orden, id_tracto, id_carreta, cantidad, activo, fecha_registro, usuario_registro) values (26,3,6,2,51,52,1600,1,sysdate(),'admin');
INSERT INTO sd_orden_recojo(id_conductor, id_sede_cliente, id_producto_venta, id_estado_orden, id_tracto, id_carreta, cantidad, activo, fecha_registro, usuario_registro) values (27,1,2,2,53,54,900,1,sysdate(),'admin');
INSERT INTO sd_orden_recojo(id_conductor, id_sede_cliente, id_producto_venta, id_estado_orden, id_tracto, id_carreta, cantidad, activo, fecha_registro, usuario_registro) values (28,3,1,2,55,56,800,1,sysdate(),'admin');
INSERT INTO sd_orden_recojo(id_conductor, id_sede_cliente, id_producto_venta, id_estado_orden, id_tracto, id_carreta, cantidad, activo, fecha_registro, usuario_registro) values (29,3,1,2,57,58,800,1,sysdate(),'admin');
INSERT INTO sd_orden_recojo(id_conductor, id_sede_cliente, id_producto_venta, id_estado_orden, id_tracto, id_carreta, cantidad, activo, fecha_registro, usuario_registro) values (30,4,2,2,59,60,600,1,sysdate(),'admin');
INSERT INTO sd_orden_recojo(id_conductor, id_sede_cliente, id_producto_venta, id_estado_orden, id_tracto, id_carreta, cantidad, activo, fecha_registro, usuario_registro) values (31,2,3,2,61,62,1500,1,sysdate(),'admin');
INSERT INTO sd_orden_recojo(id_conductor, id_sede_cliente, id_producto_venta, id_estado_orden, id_tracto, id_carreta, cantidad, activo, fecha_registro, usuario_registro) values (32,5,4,2,63,64,1800,1,sysdate(),'admin');
INSERT INTO sd_orden_recojo(id_conductor, id_sede_cliente, id_producto_venta, id_estado_orden, id_tracto, id_carreta, cantidad, activo, fecha_registro, usuario_registro) values (33,7,1,2,65,66,750,1,sysdate(),'admin');
INSERT INTO sd_orden_recojo(id_conductor, id_sede_cliente, id_producto_venta, id_estado_orden, id_tracto, id_carreta, cantidad, activo, fecha_registro, usuario_registro) values (34,1,5,2,67,68,1200,1,sysdate(),'admin');
INSERT INTO sd_orden_recojo(id_conductor, id_sede_cliente, id_producto_venta, id_estado_orden, id_tracto, id_carreta, cantidad, activo, fecha_registro, usuario_registro) values (35,8,6,2,69,70,1200,1,sysdate(),'admin');
INSERT INTO sd_orden_recojo(id_conductor, id_sede_cliente, id_producto_venta, id_estado_orden, id_tracto, id_carreta, cantidad, activo, fecha_registro, usuario_registro) values (36,6,2,2,71,72,850,1,sysdate(),'admin');
INSERT INTO sd_orden_recojo(id_conductor, id_sede_cliente, id_producto_venta, id_estado_orden, id_tracto, id_carreta, cantidad, activo, fecha_registro, usuario_registro) values (37,1,1,2,73,74,720,1,sysdate(),'admin');
INSERT INTO sd_orden_recojo(id_conductor, id_sede_cliente, id_producto_venta, id_estado_orden, id_tracto, id_carreta, cantidad, activo, fecha_registro, usuario_registro) values (38,2,3,2,75,76,1500,1,sysdate(),'admin');
INSERT INTO sd_orden_recojo(id_conductor, id_sede_cliente, id_producto_venta, id_estado_orden, id_tracto, id_carreta, cantidad, activo, fecha_registro, usuario_registro) values (39,5,1,2,77,78,750,1,sysdate(),'admin');
INSERT INTO sd_orden_recojo(id_conductor, id_sede_cliente, id_producto_venta, id_estado_orden, id_tracto, id_carreta, cantidad, activo, fecha_registro, usuario_registro) values (40,4,5,2,79,80,1400,1,sysdate(),'admin');
INSERT INTO sd_orden_recojo(id_conductor, id_sede_cliente, id_producto_venta, id_estado_orden, id_tracto, id_carreta, cantidad, activo, fecha_registro, usuario_registro) values (41,1,4,2,81,82,1700,1,sysdate(),'admin');
INSERT INTO sd_orden_recojo(id_conductor, id_sede_cliente, id_producto_venta, id_estado_orden, id_tracto, id_carreta, cantidad, activo, fecha_registro, usuario_registro) values (42,4,6,2,83,84,1600,1,sysdate(),'admin');
INSERT INTO sd_orden_recojo(id_conductor, id_sede_cliente, id_producto_venta, id_estado_orden, id_tracto, id_carreta, cantidad, activo, fecha_registro, usuario_registro) values (43,6,2,2,85,86,600,1,sysdate(),'admin');
INSERT INTO sd_orden_recojo(id_conductor, id_sede_cliente, id_producto_venta, id_estado_orden, id_tracto, id_carreta, cantidad, activo, fecha_registro, usuario_registro) values (44,3,3,2,87,88,1500,1,sysdate(),'admin');
INSERT INTO sd_orden_recojo(id_conductor, id_sede_cliente, id_producto_venta, id_estado_orden, id_tracto, id_carreta, cantidad, activo, fecha_registro, usuario_registro) values (45,4,4,2,89,90,1800,1,sysdate(),'admin');
INSERT INTO sd_orden_recojo(id_conductor, id_sede_cliente, id_producto_venta, id_estado_orden, id_tracto, id_carreta, cantidad, activo, fecha_registro, usuario_registro) values (46,5,1,2,91,92,750,1,sysdate(),'admin');
INSERT INTO sd_orden_recojo(id_conductor, id_sede_cliente, id_producto_venta, id_estado_orden, id_tracto, id_carreta, cantidad, activo, fecha_registro, usuario_registro) values (47,2,5,3,93,94,1200,1,sysdate(),'admin');
INSERT INTO sd_orden_recojo(id_conductor, id_sede_cliente, id_producto_venta, id_estado_orden, id_tracto, id_carreta, cantidad, activo, fecha_registro, usuario_registro) values (48,4,6,3,95,96,1200,1,sysdate(),'admin');
INSERT INTO sd_orden_recojo(id_conductor, id_sede_cliente, id_producto_venta, id_estado_orden, id_tracto, id_carreta, cantidad, activo, fecha_registro, usuario_registro) values (49,1,2,3,97,98,850,1,sysdate(),'admin');
INSERT INTO sd_orden_recojo(id_conductor, id_sede_cliente, id_producto_venta, id_estado_orden, id_tracto, id_carreta, cantidad, activo, fecha_registro, usuario_registro) values (50,5,1,3,99,100,720,1,sysdate(),'admin');
INSERT INTO sd_orden_recojo(id_conductor, id_sede_cliente, id_producto_venta, id_estado_orden, id_tracto, id_carreta, cantidad, activo, fecha_registro, usuario_registro) values (51,2,3,3,101,102,1500,1,sysdate(),'admin');
INSERT INTO sd_orden_recojo(id_conductor, id_sede_cliente, id_producto_venta, id_estado_orden, id_tracto, id_carreta, cantidad, activo, fecha_registro, usuario_registro) values (52,3,1,3,103,104,750,1,sysdate(),'admin');
INSERT INTO sd_orden_recojo(id_conductor, id_sede_cliente, id_producto_venta, id_estado_orden, id_tracto, id_carreta, cantidad, activo, fecha_registro, usuario_registro) values (53,1,5,3,105,106,1200,1,sysdate(),'admin');
INSERT INTO sd_orden_recojo(id_conductor, id_sede_cliente, id_producto_venta, id_estado_orden, id_tracto, id_carreta, cantidad, activo, fecha_registro, usuario_registro) values (54,3,6,3,107,108,1200,1,sysdate(),'admin');
INSERT INTO sd_orden_recojo(id_conductor, id_sede_cliente, id_producto_venta, id_estado_orden, id_tracto, id_carreta, cantidad, activo, fecha_registro, usuario_registro) values (55,3,2,3,109,110,850,1,sysdate(),'admin');
INSERT INTO sd_orden_recojo(id_conductor, id_sede_cliente, id_producto_venta, id_estado_orden, id_tracto, id_carreta, cantidad, activo, fecha_registro, usuario_registro) values (56,4,1,3,111,112,720,1,sysdate(),'admin');
INSERT INTO sd_orden_recojo(id_conductor, id_sede_cliente, id_producto_venta, id_estado_orden, id_tracto, id_carreta, cantidad, activo, fecha_registro, usuario_registro) values (57,2,3,3,113,114,1500,1,sysdate(),'admin');
INSERT INTO sd_orden_recojo(id_conductor, id_sede_cliente, id_producto_venta, id_estado_orden, id_tracto, id_carreta, cantidad, activo, fecha_registro, usuario_registro) values (58,5,1,3,115,116,750,1,sysdate(),'admin');
INSERT INTO sd_orden_recojo(id_conductor, id_sede_cliente, id_producto_venta, id_estado_orden, id_tracto, id_carreta, cantidad, activo, fecha_registro, usuario_registro) values (59,7,5,3,117,118,1400,1,sysdate(),'admin');
INSERT INTO sd_orden_recojo(id_conductor, id_sede_cliente, id_producto_venta, id_estado_orden, id_tracto, id_carreta, cantidad, activo, fecha_registro, usuario_registro) values (60,1,4,3,119,120,1700,1,sysdate(),'admin');

-- sd_planta
INSERT INTO sd_planta (nombre, direccion,distrito,capacidad_maxima, ubicacion_x1,ubicacion_x2, ubicacion_y1,ubicacion_y2, limite_inf_pesaje_antes,limite_sup_pesaje_antes, limite_inf_pesaje_despues, limite_sup_pesaje_despues, qr_entrada, qr_salida, activo, fecha_registro, usuario_registro) VALUES ('Planta Lima Sur','Av. Las Malvinas 4589','San Juan de Miraflores',60, -13.5, -11.8, -78.2, -77, 300, 300, 0, 0.5, 'JKSAFNAJFK', 'IMDOSMVSD', 1,sysdate(),'admin');
INSERT INTO sd_planta (nombre, direccion,distrito,capacidad_maxima, ubicacion_x1,ubicacion_x2, ubicacion_y1,ubicacion_y2, limite_inf_pesaje_antes,limite_sup_pesaje_antes, limite_inf_pesaje_despues, limite_sup_pesaje_despues, qr_entrada, qr_salida, activo, fecha_registro, usuario_registro) VALUES ('Planta Lima Norte','Av. Tulipanes 1248','Ancn',50, 12.5, 13.5, -75.2, -74, 320, 300, 0, 0.4, 'FIOESNFKL', 'MFIFODSMV', 1,sysdate(),'admin');
INSERT INTO sd_planta (nombre, direccion,distrito,capacidad_maxima, ubicacion_x1,ubicacion_x2, ubicacion_y1,ubicacion_y2, limite_inf_pesaje_antes,limite_sup_pesaje_antes, limite_inf_pesaje_despues, limite_sup_pesaje_despues, qr_entrada, qr_salida, activo, fecha_registro, usuario_registro) VALUES ('Planta Lima Este','Av. Juliaca 3458','Ate',40, 7, 8, -80.2, 24, 300, 300, 0, 0.3, 'MIFOEMFS', 'FSMVIODSVQ', 1,sysdate(),'admin');

-- sd_estado_despacho
INSERT INTO sd_estado_despacho (nombre) VALUES ('En cola de revision');
INSERT INTO sd_estado_despacho (nombre) VALUES ('En revision');
INSERT INTO sd_estado_despacho (nombre) VALUES ('Revision con incidencia');
INSERT INTO sd_estado_despacho (nombre) VALUES ('En peso vacio');
INSERT INTO sd_estado_despacho (nombre) VALUES ('Peso vacio con incidencia');
INSERT INTO sd_estado_despacho (nombre) VALUES ('En cola de carga');
INSERT INTO sd_estado_despacho (nombre) VALUES ('Cargando productos');
INSERT INTO sd_estado_despacho (nombre) VALUES ('En peso lleno');
INSERT INTO sd_estado_despacho (nombre) VALUES ('Revision de carga');
INSERT INTO sd_estado_despacho (nombre) VALUES ('En salida');
INSERT INTO sd_estado_despacho (nombre) VALUES ('Terminado');

-- sd_despacho
INSERT INTO sd_despacho (id_planta, id_orden_recojo, id_estado_despacho, hora_inicio_despacho, activo, fecha_registro, usuario_registro) VALUES (1, 7, 1, now(), 1, sysdate(), 'admin');
INSERT INTO sd_despacho (id_planta, id_orden_recojo, id_estado_despacho, hora_inicio_despacho, activo, fecha_registro, usuario_registro) VALUES (1, 8, 1, now(), 1, sysdate(), 'admin');
INSERT INTO sd_despacho (id_planta, id_orden_recojo, id_estado_despacho, hora_inicio_despacho, activo, fecha_registro, usuario_registro) VALUES (1, 9, 1, now(), 1, sysdate(), 'admin');
INSERT INTO sd_despacho (id_planta, id_orden_recojo, id_estado_despacho, hora_inicio_despacho, activo, fecha_registro, usuario_registro) VALUES (1, 10, 2, now(), 1, sysdate(), 'admin');
INSERT INTO sd_despacho (id_planta, id_orden_recojo, id_estado_despacho, hora_inicio_despacho, activo, fecha_registro, usuario_registro) VALUES (1, 11, 2, now(), 1, sysdate(), 'admin');
INSERT INTO sd_despacho (id_planta, id_orden_recojo, id_estado_despacho, hora_inicio_despacho, activo, fecha_registro, usuario_registro) VALUES (1, 12, 2, now(), 1, sysdate(), 'admin');
INSERT INTO sd_despacho (id_planta, id_orden_recojo, id_estado_despacho, hora_inicio_despacho, activo, fecha_registro, usuario_registro) VALUES (1, 13, 2, now(), 1, sysdate(), 'admin');
INSERT INTO sd_despacho (id_planta, id_orden_recojo, id_estado_despacho, hora_inicio_despacho, activo, fecha_registro, usuario_registro) VALUES (1, 14, 2, now(), 1, sysdate(), 'admin');
INSERT INTO sd_despacho (id_planta, id_orden_recojo, id_estado_despacho, hora_inicio_despacho, activo, fecha_registro, usuario_registro) VALUES (1, 15, 2, now(), 1, sysdate(), 'admin');
INSERT INTO sd_despacho (id_planta, id_orden_recojo, id_estado_despacho, hora_inicio_despacho, activo, fecha_registro, usuario_registro) VALUES (1, 16, 2, now(), 1, sysdate(), 'admin');
INSERT INTO sd_despacho (id_planta, id_orden_recojo, id_estado_despacho, hora_inicio_despacho, activo, fecha_registro, usuario_registro) VALUES (1, 17, 2, now(), 1, sysdate(), 'admin');
INSERT INTO sd_despacho (id_planta, id_orden_recojo, id_estado_despacho, hora_inicio_despacho, activo, fecha_registro, usuario_registro) VALUES (1, 18, 2, now(), 1, sysdate(), 'admin');
INSERT INTO sd_despacho (id_planta, id_orden_recojo, id_estado_despacho, hora_inicio_despacho, activo, fecha_registro, usuario_registro) VALUES (1, 19, 2, now(), 1, sysdate(), 'admin');
INSERT INTO sd_despacho (id_planta, id_orden_recojo, id_estado_despacho, hora_inicio_despacho, activo, fecha_registro, usuario_registro) VALUES (1, 20, 4, now(), 1, sysdate(), 'admin');
INSERT INTO sd_despacho (id_planta, id_orden_recojo, id_estado_despacho, hora_inicio_despacho, activo, fecha_registro, usuario_registro) VALUES (1, 21, 4, now(), 1, sysdate(), 'admin');
INSERT INTO sd_despacho (id_planta, id_orden_recojo, id_estado_despacho, hora_inicio_despacho, activo, fecha_registro, usuario_registro) VALUES (1, 22, 4, now(), 1, sysdate(), 'admin');
INSERT INTO sd_despacho (id_planta, id_orden_recojo, id_estado_despacho, hora_inicio_despacho, activo, fecha_registro, usuario_registro) VALUES (1, 23, 4, now(), 1, sysdate(), 'admin');
INSERT INTO sd_despacho (id_planta, id_orden_recojo, id_estado_despacho, hora_inicio_despacho, activo, fecha_registro, usuario_registro) VALUES (1, 24, 4, now(), 1, sysdate(), 'admin');
INSERT INTO sd_despacho (id_planta, id_orden_recojo, id_estado_despacho, hora_inicio_despacho, activo, fecha_registro, usuario_registro) VALUES (1, 25, 4, now(), 1, sysdate(), 'admin');
INSERT INTO sd_despacho (id_planta, id_orden_recojo, id_estado_despacho, hora_inicio_despacho, valor_pesaje_vacio, hora_inicio_carga, activo, fecha_registro, usuario_registro) VALUES (1, 26, 6, now(), 13600, now(), 1, sysdate(), 'admin');
INSERT INTO sd_despacho (id_planta, id_orden_recojo, id_estado_despacho, hora_inicio_despacho, valor_pesaje_vacio, hora_inicio_carga, activo, fecha_registro, usuario_registro) VALUES (1, 27, 6, now(), 15600, now(), 1, sysdate(), 'admin');
INSERT INTO sd_despacho (id_planta, id_orden_recojo, id_estado_despacho, hora_inicio_despacho, valor_pesaje_vacio, hora_inicio_carga, activo, fecha_registro, usuario_registro) VALUES (1, 28, 6, now(), 13600, now(), 1, sysdate(), 'admin');
INSERT INTO sd_despacho (id_planta, id_orden_recojo, id_estado_despacho, hora_inicio_despacho, valor_pesaje_vacio, hora_inicio_carga, activo, fecha_registro, usuario_registro) VALUES (1, 29, 6, now(), 14300, now(), 1, sysdate(), 'admin');
INSERT INTO sd_despacho (id_planta, id_orden_recojo, id_estado_despacho, hora_inicio_despacho, valor_pesaje_vacio, activo, fecha_registro, usuario_registro) VALUES (1, 30, 6, now(), 15600, 1, sysdate(), 'admin');
INSERT INTO sd_despacho (id_planta, id_orden_recojo, id_estado_despacho, hora_inicio_despacho, valor_pesaje_vacio, activo, fecha_registro, usuario_registro) VALUES (1, 31, 6, now(), 13600, 1, sysdate(), 'admin');
INSERT INTO sd_despacho (id_planta, id_orden_recojo, id_estado_despacho, hora_inicio_despacho, valor_pesaje_vacio, activo, fecha_registro, usuario_registro) VALUES (1, 32, 6, now(), 14300, 1, sysdate(), 'admin');
INSERT INTO sd_despacho (id_planta, id_orden_recojo, id_estado_despacho, hora_inicio_despacho, valor_pesaje_vacio, activo, fecha_registro, usuario_registro) VALUES (1, 33, 6, now(), 15600, 1, sysdate(), 'admin');
INSERT INTO sd_despacho (id_planta, id_orden_recojo, id_estado_despacho, hora_inicio_despacho, valor_pesaje_vacio, activo, fecha_registro, usuario_registro) VALUES (1, 34, 6, now(), 13600, 1, sysdate(), 'admin');
INSERT INTO sd_despacho (id_planta, id_orden_recojo, id_estado_despacho, hora_inicio_despacho, valor_pesaje_vacio, activo, fecha_registro, usuario_registro) VALUES (1, 35, 6, now(), 14300, 1, sysdate(), 'admin');
INSERT INTO sd_despacho (id_planta, id_orden_recojo, id_estado_despacho, hora_inicio_despacho, valor_pesaje_vacio, activo, fecha_registro, usuario_registro) VALUES (1, 36, 6, now(), 13600, 1, sysdate(), 'admin');
INSERT INTO sd_despacho (id_planta, id_orden_recojo, id_estado_despacho, hora_inicio_despacho, valor_pesaje_vacio, activo, fecha_registro, usuario_registro) VALUES (1, 37, 6, now(), 14300, 1, sysdate(), 'admin');
INSERT INTO sd_despacho (id_planta, id_orden_recojo, id_estado_despacho, hora_inicio_despacho, valor_pesaje_vacio, hora_inicio_carga, hora_fin_carga, activo, fecha_registro, usuario_registro) VALUES (1, 38, 8, now(), 15600, now(), now(), 1, sysdate(), 'admin');
INSERT INTO sd_despacho (id_planta, id_orden_recojo, id_estado_despacho, hora_inicio_despacho, valor_pesaje_vacio, hora_inicio_carga, hora_fin_carga, activo, fecha_registro, usuario_registro) VALUES (1, 39, 8, now(), 13600, now(), now(), 1, sysdate(), 'admin');
INSERT INTO sd_despacho (id_planta, id_orden_recojo, id_estado_despacho, hora_inicio_despacho, valor_pesaje_vacio, hora_inicio_carga, hora_fin_carga, activo, fecha_registro, usuario_registro) VALUES (1, 40, 8, now(), 14300, now(), now(), 1, sysdate(), 'admin');
INSERT INTO sd_despacho (id_planta, id_orden_recojo, id_estado_despacho, hora_inicio_despacho, valor_pesaje_vacio, hora_inicio_carga, hora_fin_carga, activo, fecha_registro, usuario_registro) VALUES (1, 41, 8, now(), 15600, now(), now(), 1, sysdate(), 'admin');
INSERT INTO sd_despacho (id_planta, id_orden_recojo, id_estado_despacho, hora_inicio_despacho, valor_pesaje_vacio, hora_inicio_carga, hora_fin_carga, activo, fecha_registro, usuario_registro) VALUES (1, 42, 8, now(), 13600, now(), now(), 1, sysdate(), 'admin');
INSERT INTO sd_despacho (id_planta, id_orden_recojo, id_estado_despacho, hora_inicio_despacho, valor_pesaje_vacio, hora_inicio_carga, hora_fin_carga, activo, fecha_registro, usuario_registro) VALUES (1, 43, 8, now(), 14300, now(), now(), 1, sysdate(), 'admin');
INSERT INTO sd_despacho (id_planta, id_orden_recojo, id_estado_despacho, hora_inicio_despacho, valor_pesaje_vacio, valor_pesaje_lleno, hora_inicio_carga, hora_fin_carga, activo, fecha_registro, usuario_registro) VALUES (1, 44, 10, now(), 15600, 23100, now(), now(), 1, sysdate(), 'admin');
INSERT INTO sd_despacho (id_planta, id_orden_recojo, id_estado_despacho, hora_inicio_despacho, valor_pesaje_vacio, valor_pesaje_lleno, hora_inicio_carga, hora_fin_carga, activo, fecha_registro, usuario_registro) VALUES (1, 45, 10, now(), 13600, 19900, now(), now(), 1, sysdate(), 'admin');
INSERT INTO sd_despacho (id_planta, id_orden_recojo, id_estado_despacho, hora_inicio_despacho, valor_pesaje_vacio, valor_pesaje_lleno, hora_inicio_carga, hora_fin_carga, activo, fecha_registro, usuario_registro) VALUES (1, 46, 10, now(), 15600, 47475, now(), now(), 1, sysdate(), 'admin');
INSERT INTO sd_despacho (id_planta, id_orden_recojo, id_estado_despacho, hora_inicio_despacho, valor_pesaje_vacio, valor_pesaje_lleno, hora_inicio_carga, hora_fin_carga, activo, fecha_registro, usuario_registro) VALUES (1, 47, 11, now(), 13600, 23200, now(), now(), 1, sysdate(), 'admin');
INSERT INTO sd_despacho (id_planta, id_orden_recojo, id_estado_despacho, hora_inicio_despacho, valor_pesaje_vacio, valor_pesaje_lleno, hora_inicio_carga, hora_fin_carga, activo, fecha_registro, usuario_registro) VALUES (1, 48, 11, now(), 14300, 25100, now(), now(), 1, sysdate(), 'admin');
INSERT INTO sd_despacho (id_planta, id_orden_recojo, id_estado_despacho, hora_inicio_despacho, valor_pesaje_vacio, valor_pesaje_lleno, hora_inicio_carga, hora_fin_carga, activo, fecha_registro, usuario_registro) VALUES (1, 49, 11, now(), 15600, 60225, now(), now(), 1, sysdate(), 'admin');
INSERT INTO sd_despacho (id_planta, id_orden_recojo, id_estado_despacho, hora_inicio_despacho, valor_pesaje_vacio, valor_pesaje_lleno, hora_inicio_carga, hora_fin_carga, activo, fecha_registro, usuario_registro) VALUES (1, 50, 11, now(), 13600, 44200, now(), now(), 1, sysdate(), 'admin');
INSERT INTO sd_despacho (id_planta, id_orden_recojo, id_estado_despacho, hora_inicio_despacho, valor_pesaje_vacio, valor_pesaje_lleno, hora_inicio_carga, hora_fin_carga, activo, fecha_registro, usuario_registro) VALUES (1, 51, 11, now(), 15600, 23100, now(), now(), 1, sysdate(), 'admin');
INSERT INTO sd_despacho (id_planta, id_orden_recojo, id_estado_despacho, hora_inicio_despacho, valor_pesaje_vacio, valor_pesaje_lleno, hora_inicio_carga, hora_fin_carga, activo, fecha_registro, usuario_registro) VALUES (1, 52, 11, now(), 13600, 45475, now(), now(), 1, sysdate(), 'admin');
INSERT INTO sd_despacho (id_planta, id_orden_recojo, id_estado_despacho, hora_inicio_despacho, valor_pesaje_vacio, valor_pesaje_lleno, hora_inicio_carga, hora_fin_carga, activo, fecha_registro, usuario_registro) VALUES (1, 53, 11, now(), 14300, 23900, now(), now(), 1, sysdate(), 'admin');
INSERT INTO sd_despacho (id_planta, id_orden_recojo, id_estado_despacho, hora_inicio_despacho, valor_pesaje_vacio, valor_pesaje_lleno, hora_inicio_carga, hora_fin_carga, activo, fecha_registro, usuario_registro) VALUES (1, 54, 11, now(), 15600, 26400, now(), now(), 1, sysdate(), 'admin');
INSERT INTO sd_despacho (id_planta, id_orden_recojo, id_estado_despacho, hora_inicio_despacho, valor_pesaje_vacio, valor_pesaje_lleno, hora_inicio_carga, hora_fin_carga, activo, fecha_registro, usuario_registro) VALUES (1, 55, 11, now(), 13600, 58225, now(), now(), 1, sysdate(), 'admin');
INSERT INTO sd_despacho (id_planta, id_orden_recojo, id_estado_despacho, hora_inicio_despacho, valor_pesaje_vacio, valor_pesaje_lleno, hora_inicio_carga, hora_fin_carga, activo, fecha_registro, usuario_registro) VALUES (1, 56, 11, now(), 14300, 44900, now(), now(), 1, sysdate(), 'admin');
INSERT INTO sd_despacho (id_planta, id_orden_recojo, id_estado_despacho, hora_inicio_despacho, valor_pesaje_vacio, valor_pesaje_lleno, hora_inicio_carga, hora_fin_carga, activo, fecha_registro, usuario_registro) VALUES (1, 57, 11, now(), 15600, 23100, now(), now(), 1, sysdate(), 'admin');
INSERT INTO sd_despacho (id_planta, id_orden_recojo, id_estado_despacho, hora_inicio_despacho, valor_pesaje_vacio, valor_pesaje_lleno, hora_inicio_carga, hora_fin_carga, activo, fecha_registro, usuario_registro) VALUES (1, 58, 11, now(), 13600, 45475, now(), now(), 1, sysdate(), 'admin');
INSERT INTO sd_despacho (id_planta, id_orden_recojo, id_estado_despacho, hora_inicio_despacho, valor_pesaje_vacio, valor_pesaje_lleno, hora_inicio_carga, hora_fin_carga, activo, fecha_registro, usuario_registro) VALUES (1, 59, 11, now(), 14300, 25500, now(), now(), 1, sysdate(), 'admin');
INSERT INTO sd_despacho (id_planta, id_orden_recojo, id_estado_despacho, hora_inicio_despacho, valor_pesaje_vacio, valor_pesaje_lleno, hora_inicio_carga, hora_fin_carga, activo, fecha_registro, usuario_registro) VALUES (1, 60, 11, now(), 15600, 21550, now(), now(), 1, sysdate(), 'admin');

-- sd_punto_control
INSERT INTO sd_punto_control (id_planta, codigo, activo, fecha_registro, usuario_registro) VALUES (1, 'C1',1,sysdate(),'admin');
INSERT INTO sd_punto_control (id_planta, codigo, activo, fecha_registro, usuario_registro) VALUES (1, 'C2',1,sysdate(),'admin');
INSERT INTO sd_punto_control (id_planta, codigo, activo, fecha_registro, usuario_registro) VALUES (1, 'C3',1,sysdate(),'admin');
INSERT INTO sd_punto_control (id_planta, codigo, activo, fecha_registro, usuario_registro) VALUES (1, 'C4',1,sysdate(),'admin');
INSERT INTO sd_punto_control (id_planta, codigo, activo, fecha_registro, usuario_registro) VALUES (1, 'C5',1,sysdate(),'admin');
INSERT INTO sd_punto_control (id_planta, codigo, activo, fecha_registro, usuario_registro) VALUES (1, 'C6',1,sysdate(),'admin');
INSERT INTO sd_punto_control (id_planta, codigo, activo, fecha_registro, usuario_registro) VALUES (1, 'C7',1,sysdate(),'admin');
INSERT INTO sd_punto_control (id_planta, codigo, activo, fecha_registro, usuario_registro) VALUES (1, 'C8',1,sysdate(),'admin');
INSERT INTO sd_punto_control (id_planta, codigo, activo, fecha_registro, usuario_registro) VALUES (1, 'C9',1,sysdate(),'admin');
INSERT INTO sd_punto_control (id_planta, codigo, activo, fecha_registro, usuario_registro) VALUES (1, 'C10',1,sysdate(),'admin');

-- sd_turno_revision
INSERT INTO sd_turno_revision (id_despacho, id_revisor, id_punto_control, turno_dia, hora_inicio, activo, fecha_registro, usuario_registro) VALUES (1, null, null, 54, now(), 1, sysdate(), 'admin');
INSERT INTO sd_turno_revision (id_despacho, id_revisor, id_punto_control, turno_dia, hora_inicio, activo, fecha_registro, usuario_registro) VALUES (2, null, null, 53, now(), 1, sysdate(), 'admin');
INSERT INTO sd_turno_revision (id_despacho, id_revisor, id_punto_control, turno_dia, hora_inicio, activo, fecha_registro, usuario_registro) VALUES (3, null, null, 52, now(), 1, sysdate(), 'admin');
INSERT INTO sd_turno_revision (id_despacho, id_revisor, id_punto_control, turno_dia, hora_inicio, activo, fecha_registro, usuario_registro) VALUES (4, 1, 1, 51, now(), 1, sysdate(), 'admin');
INSERT INTO sd_turno_revision (id_despacho, id_revisor, id_punto_control, turno_dia, hora_inicio, activo, fecha_registro, usuario_registro) VALUES (5, 2, 2, 50, now(), 1, sysdate(), 'admin');
INSERT INTO sd_turno_revision (id_despacho, id_revisor, id_punto_control, turno_dia, hora_inicio, activo, fecha_registro, usuario_registro) VALUES (6, 3, 3, 49, now(), 1, sysdate(), 'admin');
INSERT INTO sd_turno_revision (id_despacho, id_revisor, id_punto_control, turno_dia, hora_inicio, activo, fecha_registro, usuario_registro) VALUES (7, 4, 4, 48, now(), 1, sysdate(), 'admin');
INSERT INTO sd_turno_revision (id_despacho, id_revisor, id_punto_control, turno_dia, hora_inicio, activo, fecha_registro, usuario_registro) VALUES (8, 5, 5, 47, now(), 1, sysdate(), 'admin');
INSERT INTO sd_turno_revision (id_despacho, id_revisor, id_punto_control, turno_dia, hora_inicio, activo, fecha_registro, usuario_registro) VALUES (9, 6, 6, 46, now(), 1, sysdate(), 'admin');
INSERT INTO sd_turno_revision (id_despacho, id_revisor, id_punto_control, turno_dia, hora_inicio, activo, fecha_registro, usuario_registro) VALUES (10, 7, 7, 45, now(), 1, sysdate(), 'admin');
INSERT INTO sd_turno_revision (id_despacho, id_revisor, id_punto_control, turno_dia, hora_inicio, activo, fecha_registro, usuario_registro) VALUES (11, 8, 8, 44, now(), 1, sysdate(), 'admin');
INSERT INTO sd_turno_revision (id_despacho, id_revisor, id_punto_control, turno_dia, hora_inicio, activo, fecha_registro, usuario_registro) VALUES (12, 9, 9, 43, now(), 1, sysdate(), 'admin');
INSERT INTO sd_turno_revision (id_despacho, id_revisor, id_punto_control, turno_dia, hora_inicio, activo, fecha_registro, usuario_registro) VALUES (13, 10, 10, 42, now(), 1, sysdate(), 'admin');
INSERT INTO sd_turno_revision (id_despacho, id_revisor, id_punto_control, turno_dia, hora_inicio, activo, fecha_registro, usuario_registro) VALUES (14, 1, 1, 41, now(), 1, sysdate(), 'admin');
INSERT INTO sd_turno_revision (id_despacho, id_revisor, id_punto_control, turno_dia, hora_inicio, activo, fecha_registro, usuario_registro) VALUES (15, 2, 2, 40, now(), 1, sysdate(), 'admin');
INSERT INTO sd_turno_revision (id_despacho, id_revisor, id_punto_control, turno_dia, hora_inicio, activo, fecha_registro, usuario_registro) VALUES (16, 3, 3, 39, now(), 1, sysdate(), 'admin');
INSERT INTO sd_turno_revision (id_despacho, id_revisor, id_punto_control, turno_dia, hora_inicio, activo, fecha_registro, usuario_registro) VALUES (17, 4, 4, 38, now(), 1, sysdate(), 'admin');
INSERT INTO sd_turno_revision (id_despacho, id_revisor, id_punto_control, turno_dia, hora_inicio, activo, fecha_registro, usuario_registro) VALUES (18, 5, 5, 37, now(), 1, sysdate(), 'admin');
INSERT INTO sd_turno_revision (id_despacho, id_revisor, id_punto_control, turno_dia, hora_inicio, activo, fecha_registro, usuario_registro) VALUES (19, 6, 6, 36, now(), 1, sysdate(), 'admin');
INSERT INTO sd_turno_revision (id_despacho, id_revisor, id_punto_control, turno_dia, hora_inicio, activo, fecha_registro, usuario_registro) VALUES (20, 7, 7, 35, now(), 1, sysdate(), 'admin');
INSERT INTO sd_turno_revision (id_despacho, id_revisor, id_punto_control, turno_dia, hora_inicio, activo, fecha_registro, usuario_registro) VALUES (21, 8, 8, 34, now(), 1, sysdate(), 'admin');
INSERT INTO sd_turno_revision (id_despacho, id_revisor, id_punto_control, turno_dia, hora_inicio, activo, fecha_registro, usuario_registro) VALUES (22, 9, 9, 33, now(), 1, sysdate(), 'admin');
INSERT INTO sd_turno_revision (id_despacho, id_revisor, id_punto_control, turno_dia, hora_inicio, activo, fecha_registro, usuario_registro) VALUES (23, 10, 10, 32, now(), 1, sysdate(), 'admin');
INSERT INTO sd_turno_revision (id_despacho, id_revisor, id_punto_control, turno_dia, hora_inicio, activo, fecha_registro, usuario_registro) VALUES (24, 1, 1, 31, now(), 1, sysdate(), 'admin');
INSERT INTO sd_turno_revision (id_despacho, id_revisor, id_punto_control, turno_dia, hora_inicio, activo, fecha_registro, usuario_registro) VALUES (25, 2, 2, 30, now(), 1, sysdate(), 'admin');
INSERT INTO sd_turno_revision (id_despacho, id_revisor, id_punto_control, turno_dia, hora_inicio, activo, fecha_registro, usuario_registro) VALUES (26, 3, 3, 29, now(), 1, sysdate(), 'admin');
INSERT INTO sd_turno_revision (id_despacho, id_revisor, id_punto_control, turno_dia, hora_inicio, activo, fecha_registro, usuario_registro) VALUES (27, 4, 4, 28, now(), 1, sysdate(), 'admin');
INSERT INTO sd_turno_revision (id_despacho, id_revisor, id_punto_control, turno_dia, hora_inicio, activo, fecha_registro, usuario_registro) VALUES (28, 5, 5, 27, now(), 1, sysdate(), 'admin');
INSERT INTO sd_turno_revision (id_despacho, id_revisor, id_punto_control, turno_dia, hora_inicio, activo, fecha_registro, usuario_registro) VALUES (29, 6, 6, 26, now(), 1, sysdate(), 'admin');
INSERT INTO sd_turno_revision (id_despacho, id_revisor, id_punto_control, turno_dia, hora_inicio, activo, fecha_registro, usuario_registro) VALUES (30, 7, 7, 25, now(), 1, sysdate(), 'admin');
INSERT INTO sd_turno_revision (id_despacho, id_revisor, id_punto_control, turno_dia, hora_inicio, activo, fecha_registro, usuario_registro) VALUES (31, 8, 8, 24, now(), 1, sysdate(), 'admin');
INSERT INTO sd_turno_revision (id_despacho, id_revisor, id_punto_control, turno_dia, hora_inicio, activo, fecha_registro, usuario_registro) VALUES (32, 9, 9, 23, now(), 1, sysdate(), 'admin');
INSERT INTO sd_turno_revision (id_despacho, id_revisor, id_punto_control, turno_dia, hora_inicio, activo, fecha_registro, usuario_registro) VALUES (33, 10, 10, 22, now(), 1, sysdate(), 'admin');
INSERT INTO sd_turno_revision (id_despacho, id_revisor, id_punto_control, turno_dia, hora_inicio, activo, fecha_registro, usuario_registro) VALUES (34, 1, 1, 21, now(), 1, sysdate(), 'admin');
INSERT INTO sd_turno_revision (id_despacho, id_revisor, id_punto_control, turno_dia, hora_inicio, activo, fecha_registro, usuario_registro) VALUES (35, 2, 2, 20, now(), 1, sysdate(), 'admin');
INSERT INTO sd_turno_revision (id_despacho, id_revisor, id_punto_control, turno_dia, hora_inicio, activo, fecha_registro, usuario_registro) VALUES (36, 3, 3, 19, now(), 1, sysdate(), 'admin');
INSERT INTO sd_turno_revision (id_despacho, id_revisor, id_punto_control, turno_dia, hora_inicio, activo, fecha_registro, usuario_registro) VALUES (37, 4, 4, 18, now(), 1, sysdate(), 'admin');
INSERT INTO sd_turno_revision (id_despacho, id_revisor, id_punto_control, turno_dia, hora_inicio, activo, fecha_registro, usuario_registro) VALUES (38, 5, 5, 17, now(), 1, sysdate(), 'admin');
INSERT INTO sd_turno_revision (id_despacho, id_revisor, id_punto_control, turno_dia, hora_inicio, activo, fecha_registro, usuario_registro) VALUES (39, 6, 6, 16, now(), 1, sysdate(), 'admin');
INSERT INTO sd_turno_revision (id_despacho, id_revisor, id_punto_control, turno_dia, hora_inicio, activo, fecha_registro, usuario_registro) VALUES (40, 7, 7, 15, now(), 1, sysdate(), 'admin');
INSERT INTO sd_turno_revision (id_despacho, id_revisor, id_punto_control, turno_dia, hora_inicio, activo, fecha_registro, usuario_registro) VALUES (41, 8, 8, 14, now(), 1, sysdate(), 'admin');
INSERT INTO sd_turno_revision (id_despacho, id_revisor, id_punto_control, turno_dia, hora_inicio, activo, fecha_registro, usuario_registro) VALUES (42, 9, 9, 13, now(), 1, sysdate(), 'admin');
INSERT INTO sd_turno_revision (id_despacho, id_revisor, id_punto_control, turno_dia, hora_inicio, activo, fecha_registro, usuario_registro) VALUES (43, 10, 10, 12, now(), 1, sysdate(), 'admin');
INSERT INTO sd_turno_revision (id_despacho, id_revisor, id_punto_control, turno_dia, hora_inicio, activo, fecha_registro, usuario_registro) VALUES (44, 1, 1, 11, now(), 1, sysdate(), 'admin');
INSERT INTO sd_turno_revision (id_despacho, id_revisor, id_punto_control, turno_dia, hora_inicio, activo, fecha_registro, usuario_registro) VALUES (45, 2, 2, 10, now(), 1, sysdate(), 'admin');
INSERT INTO sd_turno_revision (id_despacho, id_revisor, id_punto_control, turno_dia, hora_inicio, activo, fecha_registro, usuario_registro) VALUES (46, 3, 3, 9, now(), 1, sysdate(), 'admin');
INSERT INTO sd_turno_revision (id_despacho, id_revisor, id_punto_control, turno_dia, hora_inicio, activo, fecha_registro, usuario_registro) VALUES (47, 4, 4, 8, now(), 1, sysdate(), 'admin');
INSERT INTO sd_turno_revision (id_despacho, id_revisor, id_punto_control, turno_dia, hora_inicio, activo, fecha_registro, usuario_registro) VALUES (48, 5, 5, 7, now(), 1, sysdate(), 'admin');
INSERT INTO sd_turno_revision (id_despacho, id_revisor, id_punto_control, turno_dia, hora_inicio, activo, fecha_registro, usuario_registro) VALUES (49, 6, 6, 6, now(), 1, sysdate(), 'admin');
INSERT INTO sd_turno_revision (id_despacho, id_revisor, id_punto_control, turno_dia, hora_inicio, activo, fecha_registro, usuario_registro) VALUES (50, 7, 7, 5, now(), 1, sysdate(), 'admin');
INSERT INTO sd_turno_revision (id_despacho, id_revisor, id_punto_control, turno_dia, hora_inicio, activo, fecha_registro, usuario_registro) VALUES (51, 8, 8, 4, now(), 1, sysdate(), 'admin');
INSERT INTO sd_turno_revision (id_despacho, id_revisor, id_punto_control, turno_dia, hora_inicio, activo, fecha_registro, usuario_registro) VALUES (52, 9, 9, 3, now(), 1, sysdate(), 'admin');
INSERT INTO sd_turno_revision (id_despacho, id_revisor, id_punto_control, turno_dia, hora_inicio, activo, fecha_registro, usuario_registro) VALUES (53, 10, 10, 2, now(), 1, sysdate(), 'admin');
INSERT INTO sd_turno_revision (id_despacho, id_revisor, id_punto_control, turno_dia, hora_inicio, activo, fecha_registro, usuario_registro) VALUES (54, 1, 1, 1, now(), 1, sysdate(), 'admin');

-- sd_incidencia
INSERT INTO sd_incidencia (nombre, activo, usuario_registro, fecha_registro) VALUES ('Mal estado de la plataforma', 1, 'admin', sysdate());
INSERT INTO sd_incidencia (nombre, activo, usuario_registro, fecha_registro) VALUES ('Llantas en mal estado', 1, 'admin', sysdate());
INSERT INTO sd_incidencia (nombre, activo, usuario_registro, fecha_registro) VALUES ('No contar con EPP', 1, 'admin', sysdate());
INSERT INTO sd_incidencia (nombre, activo, usuario_registro, fecha_registro) VALUES ('No contar con botiqun', 1, 'admin', sysdate());
INSERT INTO sd_incidencia (nombre, activo, usuario_registro, fecha_registro) VALUES ('No contar con extintor', 1, 'admin', sysdate());

-- sd_tipo_pesaje
INSERT INTO sd_tipo_pesaje (id_tipo_pesaje, nombre) VALUES (1, 'Pesaje vaco');
INSERT INTO sd_tipo_pesaje (id_tipo_pesaje, nombre) VALUES (2, 'Pesaje lleno');

-- sd_zona_balanza
INSERT INTO sd_zona_balanza (id_tipo_pesaje, id_planta, codigo, contrasena, activo, usuario_registro, fecha_registro) VALUES (1, 1,'B1', 'balanza1', 1, 'admin', sysdate());
INSERT INTO sd_zona_balanza (id_tipo_pesaje, id_planta, codigo, contrasena, activo, usuario_registro, fecha_registro) VALUES (1, 1,'B2', 'balanza2', 1, 'admin', sysdate());
INSERT INTO sd_zona_balanza (id_tipo_pesaje, id_planta, codigo, contrasena, activo, usuario_registro, fecha_registro) VALUES (1, 1,'B3', 'balanza3', 1, 'admin', sysdate());
INSERT INTO sd_zona_balanza (id_tipo_pesaje, id_planta, codigo, contrasena, activo, usuario_registro, fecha_registro) VALUES (2, 1,'B4', 'balanza4', 1, 'admin', sysdate());
INSERT INTO sd_zona_balanza (id_tipo_pesaje, id_planta, codigo, contrasena, activo, usuario_registro, fecha_registro) VALUES (2, 1,'B5', 'balanza5', 1, 'admin', sysdate());
INSERT INTO sd_zona_balanza (id_tipo_pesaje, id_planta, codigo, contrasena, activo, usuario_registro, fecha_registro) VALUES (2, 1,'B6', 'balanza6', 1, 'admin', sysdate());

-- sd_cola_pesaje
INSERT INTO sd_cola_pesaje (id_despacho, id_zona_balanza, posicion, activo, usuario_registro, fecha_registro) VALUES (14, 1, 1, 1, 'admin', sysdate());
INSERT INTO sd_cola_pesaje (id_despacho, id_zona_balanza, posicion, activo, usuario_registro, fecha_registro) VALUES (15, 2, 1, 1, 'admin', sysdate());
INSERT INTO sd_cola_pesaje (id_despacho, id_zona_balanza, posicion, activo, usuario_registro, fecha_registro) VALUES (16, 3, 1, 1, 'admin', sysdate());
INSERT INTO sd_cola_pesaje (id_despacho, id_zona_balanza, posicion, activo, usuario_registro, fecha_registro) VALUES (17, 1, 2, 1, 'admin', sysdate());
INSERT INTO sd_cola_pesaje (id_despacho, id_zona_balanza, posicion, activo, usuario_registro, fecha_registro) VALUES (18, 2, 2, 1, 'admin', sysdate());
INSERT INTO sd_cola_pesaje (id_despacho, id_zona_balanza, posicion, activo, usuario_registro, fecha_registro) VALUES (19, 3, 2, 1, 'admin', sysdate());
INSERT INTO sd_cola_pesaje (id_despacho, id_zona_balanza, posicion, activo, usuario_registro, fecha_registro) VALUES (20, 1, 0, 1, 'admin', sysdate());
INSERT INTO sd_cola_pesaje (id_despacho, id_zona_balanza, posicion, activo, usuario_registro, fecha_registro) VALUES (21, 2, 0, 1, 'admin', sysdate());
INSERT INTO sd_cola_pesaje (id_despacho, id_zona_balanza, posicion, activo, usuario_registro, fecha_registro) VALUES (22, 3, 0, 1, 'admin', sysdate());
INSERT INTO sd_cola_pesaje (id_despacho, id_zona_balanza, posicion, activo, usuario_registro, fecha_registro) VALUES (23, 1, 0, 1, 'admin', sysdate());
INSERT INTO sd_cola_pesaje (id_despacho, id_zona_balanza, posicion, activo, usuario_registro, fecha_registro) VALUES (24, 2, 0, 1, 'admin', sysdate());
INSERT INTO sd_cola_pesaje (id_despacho, id_zona_balanza, posicion, activo, usuario_registro, fecha_registro) VALUES (25, 3, 0, 1, 'admin', sysdate());
INSERT INTO sd_cola_pesaje (id_despacho, id_zona_balanza, posicion, activo, usuario_registro, fecha_registro) VALUES (26, 1, 0, 1, 'admin', sysdate());
INSERT INTO sd_cola_pesaje (id_despacho, id_zona_balanza, posicion, activo, usuario_registro, fecha_registro) VALUES (27, 2, 0, 1, 'admin', sysdate());
INSERT INTO sd_cola_pesaje (id_despacho, id_zona_balanza, posicion, activo, usuario_registro, fecha_registro) VALUES (28, 3, 0, 1, 'admin', sysdate());
INSERT INTO sd_cola_pesaje (id_despacho, id_zona_balanza, posicion, activo, usuario_registro, fecha_registro) VALUES (29, 1, 0, 1, 'admin', sysdate());
INSERT INTO sd_cola_pesaje (id_despacho, id_zona_balanza, posicion, activo, usuario_registro, fecha_registro) VALUES (30, 2, 0, 1, 'admin', sysdate());
INSERT INTO sd_cola_pesaje (id_despacho, id_zona_balanza, posicion, activo, usuario_registro, fecha_registro) VALUES (31, 3, 0, 1, 'admin', sysdate());
INSERT INTO sd_cola_pesaje (id_despacho, id_zona_balanza, posicion, activo, usuario_registro, fecha_registro) VALUES (32, 1, 0, 1, 'admin', sysdate());
INSERT INTO sd_cola_pesaje (id_despacho, id_zona_balanza, posicion, activo, usuario_registro, fecha_registro) VALUES (33, 2, 0, 1, 'admin', sysdate());
INSERT INTO sd_cola_pesaje (id_despacho, id_zona_balanza, posicion, activo, usuario_registro, fecha_registro) VALUES (34, 3, 0, 1, 'admin', sysdate());
INSERT INTO sd_cola_pesaje (id_despacho, id_zona_balanza, posicion, activo, usuario_registro, fecha_registro) VALUES (35, 1, 0, 1, 'admin', sysdate());
INSERT INTO sd_cola_pesaje (id_despacho, id_zona_balanza, posicion, activo, usuario_registro, fecha_registro) VALUES (36, 2, 0, 1, 'admin', sysdate());
INSERT INTO sd_cola_pesaje (id_despacho, id_zona_balanza, posicion, activo, usuario_registro, fecha_registro) VALUES (37, 3, 0, 1, 'admin', sysdate());
INSERT INTO sd_cola_pesaje (id_despacho, id_zona_balanza, posicion, activo, usuario_registro, fecha_registro) VALUES (38, 1, 0, 1, 'admin', sysdate());
INSERT INTO sd_cola_pesaje (id_despacho, id_zona_balanza, posicion, activo, usuario_registro, fecha_registro) VALUES (39, 2, 0, 1, 'admin', sysdate());
INSERT INTO sd_cola_pesaje (id_despacho, id_zona_balanza, posicion, activo, usuario_registro, fecha_registro) VALUES (40, 3, 0, 1, 'admin', sysdate());
INSERT INTO sd_cola_pesaje (id_despacho, id_zona_balanza, posicion, activo, usuario_registro, fecha_registro) VALUES (41, 1, 0, 1, 'admin', sysdate());
INSERT INTO sd_cola_pesaje (id_despacho, id_zona_balanza, posicion, activo, usuario_registro, fecha_registro) VALUES (42, 2, 0, 1, 'admin', sysdate());
INSERT INTO sd_cola_pesaje (id_despacho, id_zona_balanza, posicion, activo, usuario_registro, fecha_registro) VALUES (43, 3, 0, 1, 'admin', sysdate());
INSERT INTO sd_cola_pesaje (id_despacho, id_zona_balanza, posicion, activo, usuario_registro, fecha_registro) VALUES (44, 1, 0, 1, 'admin', sysdate());
INSERT INTO sd_cola_pesaje (id_despacho, id_zona_balanza, posicion, activo, usuario_registro, fecha_registro) VALUES (45, 2, 0, 1, 'admin', sysdate());
INSERT INTO sd_cola_pesaje (id_despacho, id_zona_balanza, posicion, activo, usuario_registro, fecha_registro) VALUES (46, 3, 0, 1, 'admin', sysdate());
INSERT INTO sd_cola_pesaje (id_despacho, id_zona_balanza, posicion, activo, usuario_registro, fecha_registro) VALUES (47, 1, 0, 1, 'admin', sysdate());
INSERT INTO sd_cola_pesaje (id_despacho, id_zona_balanza, posicion, activo, usuario_registro, fecha_registro) VALUES (48, 2, 0, 1, 'admin', sysdate());
INSERT INTO sd_cola_pesaje (id_despacho, id_zona_balanza, posicion, activo, usuario_registro, fecha_registro) VALUES (49, 3, 0, 1, 'admin', sysdate());
INSERT INTO sd_cola_pesaje (id_despacho, id_zona_balanza, posicion, activo, usuario_registro, fecha_registro) VALUES (50, 1, 0, 1, 'admin', sysdate());
INSERT INTO sd_cola_pesaje (id_despacho, id_zona_balanza, posicion, activo, usuario_registro, fecha_registro) VALUES (51, 2, 0, 1, 'admin', sysdate());
INSERT INTO sd_cola_pesaje (id_despacho, id_zona_balanza, posicion, activo, usuario_registro, fecha_registro) VALUES (52, 3, 0, 1, 'admin', sysdate());
INSERT INTO sd_cola_pesaje (id_despacho, id_zona_balanza, posicion, activo, usuario_registro, fecha_registro) VALUES (53, 1, 0, 1, 'admin', sysdate());
INSERT INTO sd_cola_pesaje (id_despacho, id_zona_balanza, posicion, activo, usuario_registro, fecha_registro) VALUES (54, 2, 0, 1, 'admin', sysdate());
INSERT INTO sd_cola_pesaje (id_despacho, id_zona_balanza, posicion, activo, usuario_registro, fecha_registro) VALUES (32, 4, 1, 1, 'admin', sysdate());
INSERT INTO sd_cola_pesaje (id_despacho, id_zona_balanza, posicion, activo, usuario_registro, fecha_registro) VALUES (33, 5, 1, 1, 'admin', sysdate());
INSERT INTO sd_cola_pesaje (id_despacho, id_zona_balanza, posicion, activo, usuario_registro, fecha_registro) VALUES (34, 6, 1, 1, 'admin', sysdate());
INSERT INTO sd_cola_pesaje (id_despacho, id_zona_balanza, posicion, activo, usuario_registro, fecha_registro) VALUES (35, 4, 2, 1, 'admin', sysdate());
INSERT INTO sd_cola_pesaje (id_despacho, id_zona_balanza, posicion, activo, usuario_registro, fecha_registro) VALUES (36, 5, 2, 1, 'admin', sysdate());
INSERT INTO sd_cola_pesaje (id_despacho, id_zona_balanza, posicion, activo, usuario_registro, fecha_registro) VALUES (37, 6, 2, 1, 'admin', sysdate());
INSERT INTO sd_cola_pesaje (id_despacho, id_zona_balanza, posicion, activo, usuario_registro, fecha_registro) VALUES (38, 4, 0, 1, 'admin', sysdate());
INSERT INTO sd_cola_pesaje (id_despacho, id_zona_balanza, posicion, activo, usuario_registro, fecha_registro) VALUES (39, 5, 0, 1, 'admin', sysdate());
INSERT INTO sd_cola_pesaje (id_despacho, id_zona_balanza, posicion, activo, usuario_registro, fecha_registro) VALUES (40, 6, 0, 1, 'admin', sysdate());
INSERT INTO sd_cola_pesaje (id_despacho, id_zona_balanza, posicion, activo, usuario_registro, fecha_registro) VALUES (41, 4, 0, 1, 'admin', sysdate());
INSERT INTO sd_cola_pesaje (id_despacho, id_zona_balanza, posicion, activo, usuario_registro, fecha_registro) VALUES (42, 5, 0, 1, 'admin', sysdate());
INSERT INTO sd_cola_pesaje (id_despacho, id_zona_balanza, posicion, activo, usuario_registro, fecha_registro) VALUES (43, 6, 0, 1, 'admin', sysdate());
INSERT INTO sd_cola_pesaje (id_despacho, id_zona_balanza, posicion, activo, usuario_registro, fecha_registro) VALUES (44, 4, 0, 1, 'admin', sysdate());
INSERT INTO sd_cola_pesaje (id_despacho, id_zona_balanza, posicion, activo, usuario_registro, fecha_registro) VALUES (45, 5, 0, 1, 'admin', sysdate());
INSERT INTO sd_cola_pesaje (id_despacho, id_zona_balanza, posicion, activo, usuario_registro, fecha_registro) VALUES (46, 6, 0, 1, 'admin', sysdate());
INSERT INTO sd_cola_pesaje (id_despacho, id_zona_balanza, posicion, activo, usuario_registro, fecha_registro) VALUES (47, 4, 0, 1, 'admin', sysdate());
INSERT INTO sd_cola_pesaje (id_despacho, id_zona_balanza, posicion, activo, usuario_registro, fecha_registro) VALUES (48, 5, 0, 1, 'admin', sysdate());
INSERT INTO sd_cola_pesaje (id_despacho, id_zona_balanza, posicion, activo, usuario_registro, fecha_registro) VALUES (49, 6, 0, 1, 'admin', sysdate());
INSERT INTO sd_cola_pesaje (id_despacho, id_zona_balanza, posicion, activo, usuario_registro, fecha_registro) VALUES (50, 4, 0, 1, 'admin', sysdate());
INSERT INTO sd_cola_pesaje (id_despacho, id_zona_balanza, posicion, activo, usuario_registro, fecha_registro) VALUES (51, 5, 0, 1, 'admin', sysdate());
INSERT INTO sd_cola_pesaje (id_despacho, id_zona_balanza, posicion, activo, usuario_registro, fecha_registro) VALUES (52, 6, 0, 1, 'admin', sysdate());
INSERT INTO sd_cola_pesaje (id_despacho, id_zona_balanza, posicion, activo, usuario_registro, fecha_registro) VALUES (53, 4, 0, 1, 'admin', sysdate());
INSERT INTO sd_cola_pesaje (id_despacho, id_zona_balanza, posicion, activo, usuario_registro, fecha_registro) VALUES (54, 5, 0, 1, 'admin', sysdate());

-- sd_canal_carga
INSERT INTO sd_canal_carga (id_planta, codigo, qr_fisico, activo, usuario_registro, fecha_registro ) VALUES (1, 'A1', 'FSJIUSKNVS', 1, 'admin', sysdate());
INSERT INTO sd_canal_carga (id_planta, codigo, qr_fisico, activo, usuario_registro, fecha_registro ) VALUES (1, 'A2', 'ENSJFIENSF', 1, 'admin', sysdate());
INSERT INTO sd_canal_carga (id_planta, codigo, qr_fisico, activo, usuario_registro, fecha_registro ) VALUES (1, 'A3', 'FNESFISKMV', 1, 'admin', sysdate());
INSERT INTO sd_canal_carga (id_planta, codigo, qr_fisico, activo, usuario_registro, fecha_registro ) VALUES (1, 'A4', 'NFESIFNML', 1, 'admin', sysdate());

-- sd_cola_canal
INSERT INTO sd_cola_canal (id_despacho, id_canal_carga, posicion, activo, usuario_registro, fecha_registro ) VALUES (20, 1, 1, 1, 'admin', sysdate());
INSERT INTO sd_cola_canal (id_despacho, id_canal_carga, posicion, activo, usuario_registro, fecha_registro ) VALUES (21, 2, 1, 1, 'admin', sysdate());
INSERT INTO sd_cola_canal (id_despacho, id_canal_carga, posicion, activo, usuario_registro, fecha_registro ) VALUES (22, 3, 1, 1, 'admin', sysdate());
INSERT INTO sd_cola_canal (id_despacho, id_canal_carga, posicion, activo, usuario_registro, fecha_registro ) VALUES (23, 4, 1, 1, 'admin', sysdate());
INSERT INTO sd_cola_canal (id_despacho, id_canal_carga, posicion, activo, usuario_registro, fecha_registro ) VALUES (24, 1, 2, 1, 'admin', sysdate());
INSERT INTO sd_cola_canal (id_despacho, id_canal_carga, posicion, activo, usuario_registro, fecha_registro ) VALUES (25, 2, 2, 1, 'admin', sysdate());
INSERT INTO sd_cola_canal (id_despacho, id_canal_carga, posicion, activo, usuario_registro, fecha_registro ) VALUES (26, 3, 2, 1, 'admin', sysdate());
INSERT INTO sd_cola_canal (id_despacho, id_canal_carga, posicion, activo, usuario_registro, fecha_registro ) VALUES (27, 4, 2, 1, 'admin', sysdate());
INSERT INTO sd_cola_canal (id_despacho, id_canal_carga, posicion, activo, usuario_registro, fecha_registro ) VALUES (28, 1, 3, 1, 'admin', sysdate());
INSERT INTO sd_cola_canal (id_despacho, id_canal_carga, posicion, activo, usuario_registro, fecha_registro ) VALUES (29, 2, 3, 1, 'admin', sysdate());
INSERT INTO sd_cola_canal (id_despacho, id_canal_carga, posicion, activo, usuario_registro, fecha_registro ) VALUES (30, 3, 3, 1, 'admin', sysdate());
INSERT INTO sd_cola_canal (id_despacho, id_canal_carga, posicion, activo, usuario_registro, fecha_registro ) VALUES (31, 4, 3, 1, 'admin', sysdate());
INSERT INTO sd_cola_canal (id_despacho, id_canal_carga, posicion, activo, usuario_registro, fecha_registro ) VALUES (32, 1, 0, 1, 'admin', sysdate());
INSERT INTO sd_cola_canal (id_despacho, id_canal_carga, posicion, activo, usuario_registro, fecha_registro ) VALUES (33, 2, 0, 1, 'admin', sysdate());
INSERT INTO sd_cola_canal (id_despacho, id_canal_carga, posicion, activo, usuario_registro, fecha_registro ) VALUES (34, 3, 0, 1, 'admin', sysdate());
INSERT INTO sd_cola_canal (id_despacho, id_canal_carga, posicion, activo, usuario_registro, fecha_registro ) VALUES (35, 4, 0, 1, 'admin', sysdate());
INSERT INTO sd_cola_canal (id_despacho, id_canal_carga, posicion, activo, usuario_registro, fecha_registro ) VALUES (36, 1, 0, 1, 'admin', sysdate());
INSERT INTO sd_cola_canal (id_despacho, id_canal_carga, posicion, activo, usuario_registro, fecha_registro ) VALUES (37, 2, 0, 1, 'admin', sysdate());
INSERT INTO sd_cola_canal (id_despacho, id_canal_carga, posicion, activo, usuario_registro, fecha_registro ) VALUES (38, 3, 0, 1, 'admin', sysdate());
INSERT INTO sd_cola_canal (id_despacho, id_canal_carga, posicion, activo, usuario_registro, fecha_registro ) VALUES (39, 4, 0, 1, 'admin', sysdate());
INSERT INTO sd_cola_canal (id_despacho, id_canal_carga, posicion, activo, usuario_registro, fecha_registro ) VALUES (40, 1, 0, 1, 'admin', sysdate());
INSERT INTO sd_cola_canal (id_despacho, id_canal_carga, posicion, activo, usuario_registro, fecha_registro ) VALUES (41, 2, 0, 1, 'admin', sysdate());
INSERT INTO sd_cola_canal (id_despacho, id_canal_carga, posicion, activo, usuario_registro, fecha_registro ) VALUES (42, 3, 0, 1, 'admin', sysdate());
INSERT INTO sd_cola_canal (id_despacho, id_canal_carga, posicion, activo, usuario_registro, fecha_registro ) VALUES (43, 4, 0, 1, 'admin', sysdate());
INSERT INTO sd_cola_canal (id_despacho, id_canal_carga, posicion, activo, usuario_registro, fecha_registro ) VALUES (44, 1, 0, 1, 'admin', sysdate());
INSERT INTO sd_cola_canal (id_despacho, id_canal_carga, posicion, activo, usuario_registro, fecha_registro ) VALUES (45, 2, 0, 1, 'admin', sysdate());
INSERT INTO sd_cola_canal (id_despacho, id_canal_carga, posicion, activo, usuario_registro, fecha_registro ) VALUES (46, 3, 0, 1, 'admin', sysdate());
INSERT INTO sd_cola_canal (id_despacho, id_canal_carga, posicion, activo, usuario_registro, fecha_registro ) VALUES (47, 4, 0, 1, 'admin', sysdate());
INSERT INTO sd_cola_canal (id_despacho, id_canal_carga, posicion, activo, usuario_registro, fecha_registro ) VALUES (48, 1, 0, 1, 'admin', sysdate());
INSERT INTO sd_cola_canal (id_despacho, id_canal_carga, posicion, activo, usuario_registro, fecha_registro ) VALUES (49, 2, 0, 1, 'admin', sysdate());
INSERT INTO sd_cola_canal (id_despacho, id_canal_carga, posicion, activo, usuario_registro, fecha_registro ) VALUES (50, 3, 0, 1, 'admin', sysdate());
INSERT INTO sd_cola_canal (id_despacho, id_canal_carga, posicion, activo, usuario_registro, fecha_registro ) VALUES (51, 4, 0, 1, 'admin', sysdate());
INSERT INTO sd_cola_canal (id_despacho, id_canal_carga, posicion, activo, usuario_registro, fecha_registro ) VALUES (52, 1, 0, 1, 'admin', sysdate());
INSERT INTO sd_cola_canal (id_despacho, id_canal_carga, posicion, activo, usuario_registro, fecha_registro ) VALUES (53, 2, 0, 1, 'admin', sysdate());
INSERT INTO sd_cola_canal (id_despacho, id_canal_carga, posicion, activo, usuario_registro, fecha_registro ) VALUES (54, 3, 0, 1, 'admin', sysdate());
