-- sd_usuario
INSERT INTO sd_usuario (nombres, primer_apellido, segundo_apellido, dni, fecha_nacimiento, email, peso, activo, fecha_registro, usuario_registro) VALUES ('JORGE SANDRO','TARAZONA','MUNAYCO','48641955','1980-10-01','jorge.tarazona@gmail.com',78.2,1,sysdate(),'admin');
INSERT INTO sd_usuario (nombres, primer_apellido, segundo_apellido, dni, fecha_nacimiento, email, peso, activo, fecha_registro, usuario_registro) VALUES ('JUAN CARLOS','BAUTISTA','ENRIQUEZ','15879523','1982-08-30','juan.bautista@gmail.com',64.9,1,sysdate(),'admin');
INSERT INTO sd_usuario (nombres, primer_apellido, segundo_apellido, dni, fecha_nacimiento, email, peso, activo, fecha_registro, usuario_registro) VALUES ('ABEL ROBERTO','DIAZ','FERNANDEZ','08512548','1979-07-15','abel.diaz@gmail.com',75.2,1,sysdate(),'admin');
INSERT INTO sd_usuario (nombres, primer_apellido, segundo_apellido, dni, fecha_nacimiento, email, peso, activo, fecha_registro, usuario_registro) VALUES ('EMANUEL ','VILLAFUERTE','TARAZONA','12012589','1981-08-04','emanuel.villafuerte@gmail.com',73.6,1,sysdate(),'admin');
INSERT INTO sd_usuario (nombres, primer_apellido, segundo_apellido, dni, fecha_nacimiento, email, peso, activo, fecha_registro, usuario_registro) VALUES ('CLAUDIO JORGE','AGUIRRE','HERRERA','23567845','1978-01-05','claudio.aguirre@gmail.com',69.8,1,sysdate(),'admin');
INSERT INTO sd_usuario (nombres, primer_apellido, segundo_apellido, dni, fecha_nacimiento, email, peso, activo, fecha_registro, usuario_registro) VALUES ('PEDRO MARIO','ALVAREZ','GONZALEZ','12547895','1985-03-29','pedro.gonzalez@gmail.com',75.4,1,sysdate(),'admin');
INSERT INTO sd_usuario (nombres, primer_apellido, segundo_apellido, dni, fecha_nacimiento, email, peso, activo, fecha_registro, usuario_registro) VALUES ('CESAR FERNANDO','PEREZ','TORRES','24516874','1984-05-12','cesar.torres@gmail.com',76.5,1,sysdate(),'admin');
INSERT INTO sd_usuario (nombres, primer_apellido, segundo_apellido, dni, fecha_nacimiento, email, peso, activo, fecha_registro, usuario_registro) VALUES ('VICTOR SERGIO','ROMERO','ACOSTA','30214587','1975-04-17','victor.acosta@gmail.com',78.9,1,sysdate(),'admin');
INSERT INTO sd_usuario (nombres, primer_apellido, segundo_apellido, dni, fecha_nacimiento, email, peso, activo, fecha_registro, usuario_registro) VALUES ('EUGENIO','LLANTOY','CARRANZA','45150148','1980-10-02','eugenio.llantoy@gmail.com',77.2607142857143,1,sysdate(),'admin');
INSERT INTO sd_usuario (nombres, primer_apellido, segundo_apellido, dni, fecha_nacimiento, email, peso, activo, fecha_registro, usuario_registro) VALUES ('JUAN CARLOS','MARTINEZ','RODRIGUEZ','24578521','1982-08-31','juan.martinez@gmail.com',78.2,1,sysdate(),'admin');
INSERT INTO sd_usuario (nombres, primer_apellido, segundo_apellido, dni, fecha_nacimiento, email, peso, activo, fecha_registro, usuario_registro) VALUES ('LUIS MIGUEL','LOPEZ','PEREZ','54541257','1979-07-16','luis.lopez@gmail.com',78.6821428571429,1,sysdate(),'admin');
INSERT INTO sd_usuario (nombres, primer_apellido, segundo_apellido, dni, fecha_nacimiento, email, peso, activo, fecha_registro, usuario_registro) VALUES ('DAVID','SANCHEZ','GARCIA','14587625','1981-08-05','david.sanchez@gmail.com',79.3928571428571,1,sysdate(),'admin');
INSERT INTO sd_usuario (nombres, primer_apellido, segundo_apellido, dni, fecha_nacimiento, email, peso, activo, fecha_registro, usuario_registro) VALUES ('CARLOS ALBERTO','GOMEZ','CASTRO','13548952','1978-01-06','carlos.gomez@gmail.com',80.1035714285714,1,sysdate(),'admin');
INSERT INTO sd_usuario (nombres, primer_apellido, segundo_apellido, dni, fecha_nacimiento, email, peso, activo, fecha_registro, usuario_registro) VALUES ('DANIEL ANTONIO','MORENO','ARIAS','21205548','1985-03-30','daniel.moreno@gmail.com',80.8142857142857,1,sysdate(),'admin');
INSERT INTO sd_usuario (nombres, primer_apellido, segundo_apellido, dni, fecha_nacimiento, email, peso, activo, fecha_registro, usuario_registro) VALUES ('MARIO ALBERTO','TORRES','HERNANDEZ','13464879','1984-05-13','mario.torres@gmail.com',81.525,1,sysdate(),'admin');
INSERT INTO sd_usuario (nombres, primer_apellido, segundo_apellido, dni, fecha_nacimiento, email, peso, activo, fecha_registro, usuario_registro) VALUES ('ALEJANDRO PEDRO','RODRIGUEZ','DE LA TORRE','12465488','1975-04-18','alejandro.rodriguez@gmail.com',82.2357142857143,1,sysdate(),'admin');
INSERT INTO sd_usuario (nombres, primer_apellido, segundo_apellido, dni, fecha_nacimiento, email, peso, activo, fecha_registro, usuario_registro) VALUES ('SERGIO ANDRES','RUIZ','SANCHEZ','01248755','1980-10-03','sergio.ruiz@gmail.com',82.9464285714286,1,sysdate(),'admin');
INSERT INTO sd_usuario (nombres, primer_apellido, segundo_apellido, dni, fecha_nacimiento, email, peso, activo, fecha_registro, usuario_registro) VALUES ('GABRIEL ANGEL','GARCIA','GALARZA','01246589','1982-08-18','gabriel.garcia@gmail.com',83.6571428571429,1,sysdate(),'admin');
INSERT INTO sd_usuario (nombres, primer_apellido, segundo_apellido, dni, fecha_nacimiento, email, peso, activo, fecha_registro, usuario_registro) VALUES ('EDUARDO VALENTIN','LOPEZ','MARQUEZ','12457845','1979-07-17','eduardo.lopez@gmail.com',84.3678571428571,1,sysdate(),'admin');
INSERT INTO sd_usuario (nombres, primer_apellido, segundo_apellido, dni, fecha_nacimiento, email, peso, activo, fecha_registro, usuario_registro) VALUES ('FEDERICO RICARDO','CRUZ','ESPINOZA','15655845','1981-08-06','federico.cruz@gmail.com',85.0785714285714,1,sysdate(),'admin');
INSERT INTO sd_usuario (nombres, primer_apellido, segundo_apellido, dni, fecha_nacimiento, email, peso, activo, fecha_registro, usuario_registro) VALUES ('IVAN PABLO','DELGADO','CHACON','54154548','1978-01-07','ivan.delgado@gmail.com',85.7892857142857,1,sysdate(),'admin');
INSERT INTO sd_usuario (nombres, primer_apellido, segundo_apellido, dni, fecha_nacimiento, email, peso, activo, fecha_registro, usuario_registro) VALUES ('RODRIGO FRANCISCO','SOTO','REYES','21489468','1985-03-31','rodrigo.soto@gmail.com',86.5,1,sysdate(),'admin');
INSERT INTO sd_usuario (nombres, primer_apellido, segundo_apellido, dni, fecha_nacimiento, email, peso, activo, fecha_registro, usuario_registro) VALUES ('MARCO ANTONIO','RAMIREZ','DELGADO','41258874','1981-08-05','marco.ramirez@gmail.com',79.4,1,sysdate(),'admin');
INSERT INTO sd_usuario (nombres, primer_apellido, segundo_apellido, dni, fecha_nacimiento, email, peso, activo, fecha_registro, usuario_registro) VALUES ('JULIAN ANDRES','ALVAREZ','CASAS','12567517','1984-05-13','julian.alvarez@gmail.com',89.4,1,sysdate(),'admin');

-- sd_conductor
INSERT INTO sd_conductor(id_usuario, fecha_venc_licencia, clave_digital, activo, fecha_registro, usuario_registro) VALUES (1,'2024-10-04','8421',1,sysdate(),'admin');
INSERT INTO sd_conductor(id_usuario, fecha_venc_licencia, clave_digital, activo, fecha_registro, usuario_registro) VALUES (2,'2025-03-06','1269',1,sysdate(),'admin');
INSERT INTO sd_conductor(id_usuario, fecha_venc_licencia, clave_digital, activo, fecha_registro, usuario_registro) VALUES (3,'2024-08-14','4589',1,sysdate(),'admin');
INSERT INTO sd_conductor(id_usuario, fecha_venc_licencia, clave_digital, activo, fecha_registro, usuario_registro) VALUES (4,'2024-01-28','3586',1,sysdate(),'admin');
INSERT INTO sd_conductor(id_usuario, fecha_venc_licencia, clave_digital, activo, fecha_registro, usuario_registro) VALUES (9,'2025-01-14','3458',1,sysdate(),'admin');
INSERT INTO sd_conductor(id_usuario, fecha_venc_licencia, clave_digital, activo, fecha_registro, usuario_registro) VALUES (10,'2025-08-14','8547',1,sysdate(),'admin');
INSERT INTO sd_conductor(id_usuario, fecha_venc_licencia, clave_digital, activo, fecha_registro, usuario_registro) VALUES (11,'2024-11-23','3138',1,sysdate(),'admin');
INSERT INTO sd_conductor(id_usuario, fecha_venc_licencia, clave_digital, activo, fecha_registro, usuario_registro) VALUES (12,'2025-01-14','9521',1,sysdate(),'admin');
INSERT INTO sd_conductor(id_usuario, fecha_venc_licencia, clave_digital, activo, fecha_registro, usuario_registro) VALUES (17,'2025-02-25','2415',1,sysdate(),'admin');
INSERT INTO sd_conductor(id_usuario, fecha_venc_licencia, clave_digital, activo, fecha_registro, usuario_registro) VALUES (18,'2025-04-14','2205',1,sysdate(),'admin');
INSERT INTO sd_conductor(id_usuario, fecha_venc_licencia, clave_digital, activo, fecha_registro, usuario_registro) VALUES (19,'2024-10-21','6982',1,sysdate(),'admin');
INSERT INTO sd_conductor(id_usuario, fecha_venc_licencia, clave_digital, activo, fecha_registro, usuario_registro) VALUES (20,'2024-07-06','2492',1,sysdate(),'admin');

-- sd_revisor
INSERT INTO sd_revisor(id_usuario, contrasena, activo, fecha_registro, usuario_registro) VALUES (5,'claudio345',1,sysdate(),'admin');
INSERT INTO sd_revisor(id_usuario, contrasena, activo, fecha_registro, usuario_registro) VALUES (6,'pedro482',1,sysdate(),'admin');
INSERT INTO sd_revisor(id_usuario, contrasena, activo, fecha_registro, usuario_registro) VALUES (7,'cesar346',1,sysdate(),'admin');
INSERT INTO sd_revisor(id_usuario, contrasena, activo, fecha_registro, usuario_registro) VALUES (8,'victor458',1,sysdate(),'admin');
INSERT INTO sd_revisor(id_usuario, contrasena, activo, fecha_registro, usuario_registro) VALUES (13,'carlos165',1,sysdate(),'admin');
INSERT INTO sd_revisor(id_usuario, contrasena, activo, fecha_registro, usuario_registro) VALUES (14,'daniel489',1,sysdate(),'admin');
INSERT INTO sd_revisor(id_usuario, contrasena, activo, fecha_registro, usuario_registro) VALUES (15,'mario496',1,sysdate(),'admin');
INSERT INTO sd_revisor(id_usuario, contrasena, activo, fecha_registro, usuario_registro) VALUES (16,'alejandro114',1,sysdate(),'admin');
INSERT INTO sd_revisor(id_usuario, contrasena, activo, fecha_registro, usuario_registro) VALUES (21,'ivan389',1,sysdate(),'admin');
INSERT INTO sd_revisor(id_usuario, contrasena, activo, fecha_registro, usuario_registro) VALUES (22,'rodrigo439',1,sysdate(),'admin');
INSERT INTO sd_revisor(id_usuario, contrasena, activo, fecha_registro, usuario_registro) VALUES (23,'marco947',1,sysdate(),'admin');
INSERT INTO sd_revisor(id_usuario, contrasena, activo, fecha_registro, usuario_registro) VALUES (24,'julian378',1,sysdate(),'admin');

-- sd_producto
INSERT INTO sd_producto(nombre, activo, fecha_registro, usuario_registro) VALUES ('Cemento',1,sysdate(),'admin');
INSERT INTO sd_producto(nombre, activo, fecha_registro, usuario_registro) VALUES ('Ladrillo',1,sysdate(),'admin');
INSERT INTO sd_producto(nombre, activo, fecha_registro, usuario_registro) VALUES ('Pallets',1,sysdate(),'admin');

-- sd_marca
INSERT INTO sd_marca(nombre, activo, fecha_registro, usuario_registro) VALUES ('LORETO',1,sysdate(),'admin');
INSERT INTO sd_marca(nombre, activo, fecha_registro, usuario_registro) VALUES ('OROYA',1,sysdate(),'admin');
INSERT INTO sd_marca(nombre, activo, fecha_registro, usuario_registro) VALUES ('JULIACA',1,sysdate(),'admin');
INSERT INTO sd_marca(nombre, activo, fecha_registro, usuario_registro) VALUES ('BASA',1,sysdate(),'admin');
INSERT INTO sd_marca(nombre, activo, fecha_registro, usuario_registro) VALUES ('LARK',1,sysdate(),'admin');
INSERT INTO sd_marca(nombre, activo, fecha_registro, usuario_registro) VALUES ('CHEP',1,sysdate(),'admin');

-- sd_unidad
INSERT INTO sd_unidad(nombre, activo, fecha_registro, usuario_registro) VALUES ('bolsas de 42.5 kg',1,sysdate(),'admin');
INSERT INTO sd_unidad(nombre, activo, fecha_registro, usuario_registro) VALUES ('bolsas de 52.5 kg',1,sysdate(),'admin');
INSERT INTO sd_unidad(nombre, activo, fecha_registro, usuario_registro) VALUES ('ladrillos',1,sysdate(),'admin');
INSERT INTO sd_unidad(nombre, activo, fecha_registro, usuario_registro) VALUES ('pallets',1,sysdate(),'admin');

-- sd_producto_venta
INSERT INTO sd_producto_venta (id_producto, id_marca, id_unidad, peso_unidad, stock_actual, activo, fecha_registro, usuario_registro) VALUES (1,1,1,42.5, 10000,1,sysdate(),'admin');
INSERT INTO sd_producto_venta (id_producto, id_marca, id_unidad, peso_unidad, stock_actual, activo, fecha_registro, usuario_registro) VALUES (1,2,2,52.5, 15000,1,sysdate(),'admin');
INSERT INTO sd_producto_venta (id_producto, id_marca, id_unidad, peso_unidad, stock_actual, activo, fecha_registro, usuario_registro) VALUES (2,3,3,5, 12000,1,sysdate(),'admin');
INSERT INTO sd_producto_venta (id_producto, id_marca, id_unidad, peso_unidad, stock_actual, activo, fecha_registro, usuario_registro) VALUES (2,5,3,3.5, 18000,1,sysdate(),'admin');
INSERT INTO sd_producto_venta (id_producto, id_marca, id_unidad, peso_unidad, stock_actual, activo, fecha_registro, usuario_registro) VALUES (3,4,4,8, 8000,1,sysdate(),'admin');
INSERT INTO sd_producto_venta (id_producto, id_marca, id_unidad, peso_unidad, stock_actual, activo, fecha_registro, usuario_registro) VALUES (3,6,4,9, 13500,1,sysdate(),'admin');

-- sd_tipo_vehiculo
INSERT INTO sd_tipo_vehiculo (id_tipo_vehiculo, nombre) VALUES (1,'tracto');
INSERT INTO sd_tipo_vehiculo (id_tipo_vehiculo, nombre) VALUES (2,'carreta');

-- sd_vehiculo
INSERT INTO sd_vehiculo(id_tipo_vehiculo, placa, largo, ancho, altura, peso, fecha_venc_circulacion, tiene_tarjeta_propiedad, fecha_venc_soat, activo, fecha_registro, usuario_registro) values (1,'A1A-489',6,2.4,3.7,8000,'2024-10-08',1,'2025-06-15',1,sysdate(),'admin');
INSERT INTO sd_vehiculo(id_tipo_vehiculo, placa, largo, ancho, altura, peso, fecha_venc_circulacion, tiene_tarjeta_propiedad, fecha_venc_soat, activo, fecha_registro, usuario_registro) values (2,'O3B-678',12,2.4,2,5500,'2025-08-14',1,'2025-03-06',1,sysdate(),'admin');
INSERT INTO sd_vehiculo(id_tipo_vehiculo, placa, largo, ancho, altura, peso, fecha_venc_circulacion, tiene_tarjeta_propiedad, fecha_venc_soat, activo, fecha_registro, usuario_registro) values (1,'A1A-348',6.2,2.5,3.8,7500,'2025-02-27',1,'2024-08-14',1,sysdate(),'admin');
INSERT INTO sd_vehiculo(id_tipo_vehiculo, placa, largo, ancho, altura, peso, fecha_venc_circulacion, tiene_tarjeta_propiedad, fecha_venc_soat, activo, fecha_registro, usuario_registro) values (2,'O3B-148',13.5,2.5,2.2,6700,'2024-01-28',1,'2024-01-28',1,sysdate(),'admin');
INSERT INTO sd_vehiculo(id_tipo_vehiculo, placa, largo, ancho, altura, peso, fecha_venc_circulacion, tiene_tarjeta_propiedad, fecha_venc_soat, activo, fecha_registro, usuario_registro) values (1,'A1A-782',6.5,2.6,4.0,7200,'2024-08-14',0,'2025-02-27',1,sysdate(),'admin');
INSERT INTO sd_vehiculo(id_tipo_vehiculo, placa, largo, ancho, altura, peso, fecha_venc_circulacion, tiene_tarjeta_propiedad, fecha_venc_soat, activo, fecha_registro, usuario_registro) values (2,'O3B-258',12.5,2.6,2.4,8300,'2025-03-06',1,'2025-08-14',1,sysdate(),'admin');
INSERT INTO sd_vehiculo(id_tipo_vehiculo, placa, largo, ancho, altura, peso, fecha_venc_circulacion, tiene_tarjeta_propiedad, fecha_venc_soat, activo, fecha_registro, usuario_registro) values (1,'A1A-624',18,2.4,3.8,8000,'2024-10-09',1,'2025-06-16',1,sysdate(),'admin');
INSERT INTO sd_vehiculo(id_tipo_vehiculo, placa, largo, ancho, altura, peso, fecha_venc_circulacion, tiene_tarjeta_propiedad, fecha_venc_soat, activo, fecha_registro, usuario_registro) values (2,'O3B-458',24,2.4,2,5500,'2025-08-15',1,'2025-03-07',1,sysdate(),'admin');
INSERT INTO sd_vehiculo(id_tipo_vehiculo, placa, largo, ancho, altura, peso, fecha_venc_circulacion, tiene_tarjeta_propiedad, fecha_venc_soat, activo, fecha_registro, usuario_registro) values (1,'A1A-157',6.3,2.5,3.9,7500,'2025-02-28',1,'2024-08-15',1,sysdate(),'admin');
INSERT INTO sd_vehiculo(id_tipo_vehiculo, placa, largo, ancho, altura, peso, fecha_venc_circulacion, tiene_tarjeta_propiedad, fecha_venc_soat, activo, fecha_registro, usuario_registro) values (2,'O3B-186',13.6,2.5,2.2,6700,'2025-02-27',1,'2025-04-05',1,sysdate(),'admin');
INSERT INTO sd_vehiculo(id_tipo_vehiculo, placa, largo, ancho, altura, peso, fecha_venc_circulacion, tiene_tarjeta_propiedad, fecha_venc_soat, activo, fecha_registro, usuario_registro) values (1,'A1A-385',6.6,2.6,4.1,7200,'2024-08-15',0,'2025-02-28',1,sysdate(),'admin');
INSERT INTO sd_vehiculo(id_tipo_vehiculo, placa, largo, ancho, altura, peso, fecha_venc_circulacion, tiene_tarjeta_propiedad, fecha_venc_soat, activo, fecha_registro, usuario_registro) values (2,'O3B-619',12.6,2.6,2.4,8300,'2025-03-07',1,'2025-08-15',1,sysdate(),'admin');
INSERT INTO sd_vehiculo(id_tipo_vehiculo, placa, largo, ancho, altura, peso, fecha_venc_circulacion, tiene_tarjeta_propiedad, fecha_venc_soat, activo, fecha_registro, usuario_registro) values (1,'A1A-548',30,2.4,3.9,8000,'2024-10-10',1,'2025-06-17',1,sysdate(),'admin');
INSERT INTO sd_vehiculo(id_tipo_vehiculo, placa, largo, ancho, altura, peso, fecha_venc_circulacion, tiene_tarjeta_propiedad, fecha_venc_soat, activo, fecha_registro, usuario_registro) values (2,'O3B-636',36,2.4,2,5500,'2025-08-16',1,'2025-03-08',1,sysdate(),'admin');
INSERT INTO sd_vehiculo(id_tipo_vehiculo, placa, largo, ancho, altura, peso, fecha_venc_circulacion, tiene_tarjeta_propiedad, fecha_venc_soat, activo, fecha_registro, usuario_registro) values (1,'A1A-398',6.4,2.5,3.10,7500,'2025-12-29',1,'2024-08-16',1,sysdate(),'admin');
INSERT INTO sd_vehiculo(id_tipo_vehiculo, placa, largo, ancho, altura, peso, fecha_venc_circulacion, tiene_tarjeta_propiedad, fecha_venc_soat, activo, fecha_registro, usuario_registro) values (2,'O3B-798',13.7,2.5,2.2,6700,'2024-01-30',1,'2024-01-30',1,sysdate(),'admin');
INSERT INTO sd_vehiculo(id_tipo_vehiculo, placa, largo, ancho, altura, peso, fecha_venc_circulacion, tiene_tarjeta_propiedad, fecha_venc_soat, activo, fecha_registro, usuario_registro) values (1,'A1A-045',6.7,2.6,4.2,7200,'2024-08-16',0,'2025-12-29',1,sysdate(),'admin');
INSERT INTO sd_vehiculo(id_tipo_vehiculo, placa, largo, ancho, altura, peso, fecha_venc_circulacion, tiene_tarjeta_propiedad, fecha_venc_soat, activo, fecha_registro, usuario_registro) values (2,'O3B-178',12.7,2.6,2.4,8300,'2025-03-08',1,'2025-08-16',1,sysdate(),'admin');
INSERT INTO sd_vehiculo(id_tipo_vehiculo, placa, largo, ancho, altura, peso, fecha_venc_circulacion, tiene_tarjeta_propiedad, fecha_venc_soat, activo, fecha_registro, usuario_registro) values (1,'A1A-975',42,2.4,3.10,8000,'2024-10-11',1,'2025-06-18',1,sysdate(),'admin');
INSERT INTO sd_vehiculo(id_tipo_vehiculo, placa, largo, ancho, altura, peso, fecha_venc_circulacion, tiene_tarjeta_propiedad, fecha_venc_soat, activo, fecha_registro, usuario_registro) values (2,'O3B-647',48,2.4,2,5500,'2025-08-17',1,'2025-03-09',1,sysdate(),'admin');

-- sd_cliente
INSERT INTO sd_cliente (razon_social, ruc,activo, fecha_registro, usuario_registro) VALUES ('Ferreteria San Marcos','58945785216',1,sysdate(),'admin');
INSERT INTO sd_cliente (razon_social, ruc,activo, fecha_registro, usuario_registro) VALUES ('Constructora San Martin','14895623487',1,sysdate(),'admin');
INSERT INTO sd_cliente (razon_social, ruc,activo, fecha_registro, usuario_registro) VALUES ('Bechtel Perú','13462484613',1,sysdate(),'admin');
INSERT INTO sd_cliente (razon_social, ruc,activo, fecha_registro, usuario_registro) VALUES ('Vinci SAC','48650480850',1,sysdate(),'admin');

-- sd_sede_cliente
INSERT INTO sd_sede_cliente(id_cliente, direccion, distrito, activo, fecha_registro, usuario_registro) VALUES (1,'Jr. Yavari 348','Villa el Salvador',1,sysdate(),'admin');
INSERT INTO sd_sede_cliente(id_cliente, direccion, distrito, activo, fecha_registro, usuario_registro) VALUES (2,'Av. Izaguirre 4896','Independencia',1,sysdate(),'admin');
INSERT INTO sd_sede_cliente(id_cliente, direccion, distrito, activo, fecha_registro, usuario_registro) VALUES (2,'Jr. Juliaca 789','Comas',1,sysdate(),'admin');
INSERT INTO sd_sede_cliente(id_cliente, direccion, distrito, activo, fecha_registro, usuario_registro) VALUES (3,'Av. Los Alamos 3457','San Juan de Miraflores',1,sysdate(),'admin');
INSERT INTO sd_sede_cliente(id_cliente, direccion, distrito, activo, fecha_registro, usuario_registro) VALUES (3,'Av. Jupiter 1278','Ate',1,sysdate(),'admin');
INSERT INTO sd_sede_cliente(id_cliente, direccion, distrito, activo, fecha_registro, usuario_registro) VALUES (3,'Jr. Trueno 928','Ate',1,sysdate(),'admin');
INSERT INTO sd_sede_cliente(id_cliente, direccion, distrito, activo, fecha_registro, usuario_registro) VALUES (4,'Av. Mariategui 2456','Villa Maria del Triunfo',1,sysdate(),'admin');
INSERT INTO sd_sede_cliente(id_cliente, direccion, distrito, activo, fecha_registro, usuario_registro) VALUES (4,'Jr. Huiracocha 195','Independencia',1,sysdate(),'admin');

-- sd_estado_orden
INSERT INTO sd_estado_orden (nombre) VALUES ('registrada');
INSERT INTO sd_estado_orden (nombre) VALUES ('despachando');
INSERT INTO sd_estado_orden (nombre) VALUES ('recogida');

-- sd_orden_recojo
INSERT INTO sd_orden_recojo(id_conductor, id_sede_cliente, id_producto_venta, id_estado_orden, id_tracto, id_carreta, cantidad, activo, fecha_registro, usuario_registro) values (1,3,1,2,1,6,800,1,sysdate(),'admin');
INSERT INTO sd_orden_recojo(id_conductor, id_sede_cliente, id_producto_venta, id_estado_orden, id_tracto, id_carreta, cantidad, activo, fecha_registro, usuario_registro) values (1,4,2,1,1,4,600,1,sysdate(),'admin');
INSERT INTO sd_orden_recojo(id_conductor, id_sede_cliente, id_producto_venta, id_estado_orden, id_tracto, id_carreta, cantidad, activo, fecha_registro, usuario_registro) values (1,2,3,1,3,2,1500,1,sysdate(),'admin');
INSERT INTO sd_orden_recojo(id_conductor, id_sede_cliente, id_producto_venta, id_estado_orden, id_tracto, id_carreta, cantidad, activo, fecha_registro, usuario_registro) values (2,5,4,2,5,2,1800,1,sysdate(),'admin');
INSERT INTO sd_orden_recojo(id_conductor, id_sede_cliente, id_producto_venta, id_estado_orden, id_tracto, id_carreta, cantidad, activo, fecha_registro, usuario_registro) values (2,7,1,1,3,6,750,1,sysdate(),'admin');
INSERT INTO sd_orden_recojo(id_conductor, id_sede_cliente, id_producto_venta, id_estado_orden, id_tracto, id_carreta, cantidad, activo, fecha_registro, usuario_registro) values (2,1,5,1,1,4,1200,1,sysdate(),'admin');
INSERT INTO sd_orden_recojo(id_conductor, id_sede_cliente, id_producto_venta, id_estado_orden, id_tracto, id_carreta, cantidad, activo, fecha_registro, usuario_registro) values (3,8,6,2,5,6,1350,1,sysdate(),'admin');
INSERT INTO sd_orden_recojo(id_conductor, id_sede_cliente, id_producto_venta, id_estado_orden, id_tracto, id_carreta, cantidad, activo, fecha_registro, usuario_registro) values (3,6,3,1,3,4,1750,1,sysdate(),'admin');
INSERT INTO sd_orden_recojo(id_conductor, id_sede_cliente, id_producto_venta, id_estado_orden, id_tracto, id_carreta, cantidad, activo, fecha_registro, usuario_registro) values (3,1,2,1,1,6,800,1,sysdate(),'admin');
INSERT INTO sd_orden_recojo(id_conductor, id_sede_cliente, id_producto_venta, id_estado_orden, id_tracto, id_carreta, cantidad, activo, fecha_registro, usuario_registro) values (4,2,4,1,3,2,1600,1,sysdate(),'admin');
INSERT INTO sd_orden_recojo(id_conductor, id_sede_cliente, id_producto_venta, id_estado_orden, id_tracto, id_carreta, cantidad, activo, fecha_registro, usuario_registro) values (5,5,1,1,5,2,825,1,sysdate(),'admin');
INSERT INTO sd_orden_recojo(id_conductor, id_sede_cliente, id_producto_venta, id_estado_orden, id_tracto, id_carreta, cantidad, activo, fecha_registro, usuario_registro) values (5,4,3,1,1,6,1700,1,sysdate(),'admin');
INSERT INTO sd_orden_recojo(id_conductor, id_sede_cliente, id_producto_venta, id_estado_orden, id_tracto, id_carreta, cantidad, activo, fecha_registro, usuario_registro) values (6,1,1,1,3,4,750,1,sysdate(),'admin');
INSERT INTO sd_orden_recojo(id_conductor, id_sede_cliente, id_producto_venta, id_estado_orden, id_tracto, id_carreta, cantidad, activo, fecha_registro, usuario_registro) values (6,4,1,1,5,6,680,1,sysdate(),'admin');
INSERT INTO sd_orden_recojo(id_conductor, id_sede_cliente, id_producto_venta, id_estado_orden, id_tracto, id_carreta, cantidad, activo, fecha_registro, usuario_registro) values (7,6,5,1,1,4,1350,1,sysdate(),'admin');
INSERT INTO sd_orden_recojo(id_conductor, id_sede_cliente, id_producto_venta, id_estado_orden, id_tracto, id_carreta, cantidad, activo, fecha_registro, usuario_registro) values (8,3,4,1,3,2,1350,1,sysdate(),'admin');
INSERT INTO sd_orden_recojo(id_conductor, id_sede_cliente, id_producto_venta, id_estado_orden, id_tracto, id_carreta, cantidad, activo, fecha_registro, usuario_registro) values (8,4,6,1,5,2,1200,1,sysdate(),'admin');
INSERT INTO sd_orden_recojo(id_conductor, id_sede_cliente, id_producto_venta, id_estado_orden, id_tracto, id_carreta, cantidad, activo, fecha_registro, usuario_registro) values (8,5,2,1,1,6,850,1,sysdate(),'admin');
INSERT INTO sd_orden_recojo(id_conductor, id_sede_cliente, id_producto_venta, id_estado_orden, id_tracto, id_carreta, cantidad, activo, fecha_registro, usuario_registro) values (9,2,1,1,3,4,720,1,sysdate(),'admin');
INSERT INTO sd_orden_recojo(id_conductor, id_sede_cliente, id_producto_venta, id_estado_orden, id_tracto, id_carreta, cantidad, activo, fecha_registro, usuario_registro) values (10,4,3,1,5,6,1500,1,sysdate(),'admin');
INSERT INTO sd_orden_recojo(id_conductor, id_sede_cliente, id_producto_venta, id_estado_orden, id_tracto, id_carreta, cantidad, activo, fecha_registro, usuario_registro) values (10,1,1,1,1,2,750,1,sysdate(),'admin');
INSERT INTO sd_orden_recojo(id_conductor, id_sede_cliente, id_producto_venta, id_estado_orden, id_tracto, id_carreta, cantidad, activo, fecha_registro, usuario_registro) values (11,5,5,1,3,4,1400,1,sysdate(),'admin');
INSERT INTO sd_orden_recojo(id_conductor, id_sede_cliente, id_producto_venta, id_estado_orden, id_tracto, id_carreta, cantidad, activo, fecha_registro, usuario_registro) values (12,2,4,1,5,4,1700,1,sysdate(),'admin');
INSERT INTO sd_orden_recojo(id_conductor, id_sede_cliente, id_producto_venta, id_estado_orden, id_tracto, id_carreta, cantidad, activo, fecha_registro, usuario_registro) values (12,3,6,1,3,6,1600,1,sysdate(),'admin');
INSERT INTO sd_orden_recojo(id_conductor, id_sede_cliente, id_producto_venta, id_estado_orden, id_tracto, id_carreta, cantidad, activo, fecha_registro, usuario_registro) values (12,1,2,1,1,2,900,1,sysdate(),'admin');

-- sd_planta
INSERT INTO sd_planta (nombre, direccion,distrito,capacidad_maxima, ubicacion_x1,ubicacion_x2, ubicacion_y1,ubicacion_y2, limite_inf_pesaje_antes,limite_sup_pesaje_antes, limite_inf_pesaje_despues, limite_sup_pesaje_despues,activo, fecha_registro, usuario_registro) VALUES ('Planta Lima Sur','Av. Las Malvinas 4589','San Juan de Miraflores',60, 10.1, 11.1, 24.5, 26.5, 300, 300, 0, 20, 1,sysdate(),'admin');
INSERT INTO sd_planta (nombre, direccion,distrito,capacidad_maxima, ubicacion_x1,ubicacion_x2, ubicacion_y1,ubicacion_y2, limite_inf_pesaje_antes,limite_sup_pesaje_antes, limite_inf_pesaje_despues, limite_sup_pesaje_despues,activo, fecha_registro, usuario_registro) VALUES ('Planta Lima Norte','Av. Tulipanes 1248','Ancón',50, 12.5, 13.5, 27.5, 29.5, 320, 300, 0, 20, 1,sysdate(),'admin');
INSERT INTO sd_planta (nombre, direccion,distrito,capacidad_maxima, ubicacion_x1,ubicacion_x2, ubicacion_y1,ubicacion_y2, limite_inf_pesaje_antes,limite_sup_pesaje_antes, limite_inf_pesaje_despues, limite_sup_pesaje_despues,activo, fecha_registro, usuario_registro) VALUES ('Planta Lima Este','Av. Juliaca 3458','Ate',40, 7, 8, 22.5, 24, 300, 300, 0, 18, 1,sysdate(),'admin');

-- sd_estado_despacho
INSERT INTO sd_estado_despacho (nombre) VALUES ('En cola de revision');
INSERT INTO sd_estado_despacho (nombre) VALUES ('En revision');
INSERT INTO sd_estado_despacho (nombre) VALUES ('Revision con incidencia');
INSERT INTO sd_estado_despacho (nombre) VALUES ('En peso vacio');
INSERT INTO sd_estado_despacho (nombre) VALUES ('Peso vacio con incidencia');
INSERT INTO sd_estado_despacho (nombre) VALUES ('En cola de carga');
INSERT INTO sd_estado_despacho (nombre) VALUES ('Cargando productos');
INSERT INTO sd_estado_despacho (nombre) VALUES ('En peso lleno');
INSERT INTO sd_estado_despacho (nombre) VALUES ('Revision de carga');
INSERT INTO sd_estado_despacho (nombre) VALUES ('En salida');
INSERT INTO sd_estado_despacho (nombre) VALUES ('Terminado');

-- sd_despacho
INSERT INTO sd_despacho (id_planta, id_orden_recojo, id_estado_despacho, hora_inicio_despacho, activo, fecha_registro, usuario_registro) VALUES (1, 1, 1, now(), 1, sysdate(), 'admin');
INSERT INTO sd_despacho (id_planta, id_orden_recojo, id_estado_despacho, hora_inicio_despacho, activo, fecha_registro, usuario_registro) VALUES (1, 4, 1, now(), 1, sysdate(), 'admin');
INSERT INTO sd_despacho (id_planta, id_orden_recojo, id_estado_despacho, hora_inicio_despacho, activo, fecha_registro, usuario_registro) VALUES (1, 7, 1, now(), 1, sysdate(), 'admin');

-- sd_punto_control
INSERT INTO sd_punto_control (id_planta, codigo, activo, fecha_registro, usuario_registro) VALUES (1, 'C1',1,sysdate(),'admin');
INSERT INTO sd_punto_control (id_planta, codigo, activo, fecha_registro, usuario_registro) VALUES (1, 'C2',1,sysdate(),'admin');
INSERT INTO sd_punto_control (id_planta, codigo, activo, fecha_registro, usuario_registro) VALUES (1, 'C3',1,sysdate(),'admin');
INSERT INTO sd_punto_control (id_planta, codigo, activo, fecha_registro, usuario_registro) VALUES (1, 'C4',1,sysdate(),'admin');
INSERT INTO sd_punto_control (id_planta, codigo, activo, fecha_registro, usuario_registro) VALUES (1, 'C5',1,sysdate(),'admin');
INSERT INTO sd_punto_control (id_planta, codigo, activo, fecha_registro, usuario_registro) VALUES (1, 'C6',1,sysdate(),'admin');
INSERT INTO sd_punto_control (id_planta, codigo, activo, fecha_registro, usuario_registro) VALUES (1, 'C7',1,sysdate(),'admin');
INSERT INTO sd_punto_control (id_planta, codigo, activo, fecha_registro, usuario_registro) VALUES (1, 'C8',1,sysdate(),'admin');
INSERT INTO sd_punto_control (id_planta, codigo, activo, fecha_registro, usuario_registro) VALUES (1, 'C9',1,sysdate(),'admin');
INSERT INTO sd_punto_control (id_planta, codigo, activo, fecha_registro, usuario_registro) VALUES (1, 'C10',1,sysdate(),'admin');

-- sd_turno_revision
INSERT INTO sd_turno_revision (id_despacho, id_revisor, id_punto_control, turno_dia, hora_inicio, activo, fecha_registro, usuario_registro) VALUES (1, 5, 6, 1, now(), 1, sysdate(), 'admin');
INSERT INTO sd_turno_revision (id_despacho, id_revisor, id_punto_control, turno_dia, hora_inicio, activo, fecha_registro, usuario_registro) VALUES (2, 4, 2, 2, now(), 1, sysdate(), 'admin');
INSERT INTO sd_turno_revision (id_despacho, id_revisor, id_punto_control, turno_dia, hora_inicio, activo, fecha_registro, usuario_registro) VALUES (3, 7, 10, 3, now(), 1, sysdate(), 'admin');

-- sd_incidencia
INSERT INTO sd_incidencia (nombre, activo, usuario_registro, fecha_registro) VALUES ('Mal estado de la plataforma', 1, 'admin', sysdate());
INSERT INTO sd_incidencia (nombre, activo, usuario_registro, fecha_registro) VALUES ('Llantas en mal estado', 1, 'admin', sysdate());
INSERT INTO sd_incidencia (nombre, activo, usuario_registro, fecha_registro) VALUES ('No contar con EPP', 1, 'admin', sysdate());
INSERT INTO sd_incidencia (nombre, activo, usuario_registro, fecha_registro) VALUES ('No contar con botiquín', 1, 'admin', sysdate());
INSERT INTO sd_incidencia (nombre, activo, usuario_registro, fecha_registro) VALUES ('No contar con extintor', 1, 'admin', sysdate());

-- sd_tipo_pesaje
INSERT INTO sd_tipo_pesaje (id_tipo_pesaje, nombre) VALUES (1, 'Pesaje vacío');
INSERT INTO sd_tipo_pesaje (id_tipo_pesaje, nombre) VALUES (2, 'Pesaje lleno');

-- sd_zona_balanza
INSERT INTO sd_zona_balanza (id_tipo_pesaje, id_planta, codigo, contrasena, activo, usuario_registro, fecha_registro) VALUES (1, 1,'B1', 'balanza1', 1, 'admin', sysdate());
INSERT INTO sd_zona_balanza (id_tipo_pesaje, id_planta, codigo, contrasena, activo, usuario_registro, fecha_registro) VALUES (1, 1,'B2', 'balanza2', 1, 'admin', sysdate());
INSERT INTO sd_zona_balanza (id_tipo_pesaje, id_planta, codigo, contrasena, activo, usuario_registro, fecha_registro) VALUES (1, 1,'B3', 'balanza3', 1, 'admin', sysdate());
INSERT INTO sd_zona_balanza (id_tipo_pesaje, id_planta, codigo, contrasena, activo, usuario_registro, fecha_registro) VALUES (2, 1,'B4', 'balanza4', 1, 'admin', sysdate());
INSERT INTO sd_zona_balanza (id_tipo_pesaje, id_planta, codigo, contrasena, activo, usuario_registro, fecha_registro) VALUES (2, 1,'B5', 'balanza5', 1, 'admin', sysdate());
INSERT INTO sd_zona_balanza (id_tipo_pesaje, id_planta, codigo, contrasena, activo, usuario_registro, fecha_registro) VALUES (2, 1,'B6', 'balanza6', 1, 'admin', sysdate());

-- sd_canal_carga
INSERT INTO sd_canal_carga (id_planta, codigo, qr_fisico, activo, usuario_registro, fecha_registro ) VALUES (1, 'A1', 'FSJIUSKNVS', 1, 'admin', sysdate());
INSERT INTO sd_canal_carga (id_planta, codigo, qr_fisico, activo, usuario_registro, fecha_registro ) VALUES (1, 'A2', 'ENSJFIENSF', 1, 'admin', sysdate());
INSERT INTO sd_canal_carga (id_planta, codigo, qr_fisico, activo, usuario_registro, fecha_registro ) VALUES (1, 'A3', 'FNESFISKMV', 1, 'admin', sysdate());
INSERT INTO sd_canal_carga (id_planta, codigo, qr_fisico, activo, usuario_registro, fecha_registro ) VALUES (1, 'A4', 'NFESIFNML', 1, 'admin', sysdate());
